Time,Latitude,Longitude,INSRoll
2501765,38.61590955,-89.64225562,0.940796673
2501769,38.61590954,-89.64225497,0.942038099
2501773,38.61590952,-89.64225431,0.943279525
2501777,38.61590951,-89.64225366,0.94452095
2501781,38.6159095,-89.64225301,0.945953339
2501785,38.61590948,-89.64225236,0.947385728
2501789,38.61590947,-89.64225171,0.947462122
2501793,38.61590945,-89.64225105,0.947538515
2501797,38.61590944,-89.6422504,0.947614908
2501801,38.61590942,-89.64224975,0.948474348
2501805,38.61590941,-89.6422491,0.949333787
2501809,38.6159094,-89.64224844,0.950288713
2501813,38.61590938,-89.64224779,0.951243639
2501817,38.61590937,-89.64224719,0.952198565
2501821,38.61590936,-89.64224659,0.949219197
2501825,38.61590935,-89.64224599,0.946239829
2501829,38.61590933,-89.64224539,0.946488102
2501833,38.61590932,-89.64224478,0.946736376
2501837,38.61590931,-89.64224418,0.946984649
2501841,38.6159093,-89.64224358,0.944033921
2501845,38.61590928,-89.64224298,0.941083193
2501849,38.61590927,-89.64224238,0.938352088
2501853,38.61590926,-89.64224178,0.935620983
2501857,38.61590925,-89.64224117,0.932889879
2501861,38.61590924,-89.64224057,0.932030439
2501865,38.61590922,-89.64223997,0.931171
2501869,38.61590921,-89.64223932,0.932278713
2501873,38.61590919,-89.64223867,0.933386425
2501877,38.61590918,-89.64223802,0.934494138
2501881,38.61590917,-89.64223737,0.938390255
2501885,38.61590915,-89.64223671,0.942286372
2501889,38.61590914,-89.64223606,0.944177131
2501893,38.61590912,-89.64223541,0.94606789
2501897,38.61590911,-89.64223476,0.947958648
2501901,38.61590909,-89.64223411,0.946698159
2501905,38.61590908,-89.64223346,0.94543767
2501909,38.61590906,-89.64223281,0.944673717
2501913,38.61590905,-89.64223215,0.943909764
2501917,38.61590904,-89.64223155,0.943145812
2501921,38.61590902,-89.64223095,0.941856653
2501925,38.61590901,-89.64223035,0.940567493
2501929,38.615909,-89.64222975,0.94003274
2501933,38.61590899,-89.64222915,0.939497987
2501937,38.61590897,-89.64222855,0.938963234
2501941,38.61590896,-89.64222795,0.939736724
2501945,38.61590895,-89.64222735,0.940510213
2501949,38.61590894,-89.64222675,0.939879954
2501953,38.61590893,-89.64222614,0.939249694
2501957,38.61590891,-89.64222554,0.938619435
2501961,38.6159089,-89.64222494,0.940739393
2501965,38.61590889,-89.64222434,0.942859352
2501969,38.61590887,-89.64222369,0.944597324
2501973,38.61590886,-89.64222304,0.946335296
2501977,38.61590884,-89.64222239,0.948073268
2501981,38.61590882,-89.64222174,0.950737536
2501985,38.61590881,-89.64222109,0.953401804
2501989,38.61590879,-89.64222044,0.956285675
2501993,38.61590877,-89.64221979,0.959169547
2501997,38.61590876,-89.64221913,0.962053418
2502001,38.61590874,-89.64221848,0.95933187
2502005,38.61590872,-89.64221783,0.956610322
2502009,38.61590871,-89.64221718,0.952580531
2502013,38.61590869,-89.64221653,0.948550741
2502017,38.61590868,-89.64221593,0.94452095
2502021,38.61590867,-89.64221533,0.936470896
2502025,38.61590865,-89.64221473,0.928420842
2502029,38.61590864,-89.64221413,0.925575137
2502033,38.61590863,-89.64221353,0.922729433
2502037,38.61590862,-89.64221293,0.919883728
2502041,38.6159086,-89.64221233,0.919883728
2502045,38.61590859,-89.64221173,0.919883728
2502049,38.61590858,-89.64221113,0.922691226
2502053,38.61590856,-89.64221052,0.925498724
2502057,38.61590855,-89.64220992,0.928306222
2502061,38.61590854,-89.64220932,0.9318299
2502065,38.61590853,-89.64220872,0.935353577
2502069,38.61590851,-89.64220807,0.933959385
2502073,38.6159085,-89.64220742,0.932565192
2502077,38.61590848,-89.64220677,0.931171
2502081,38.61590846,-89.64220612,0.93074128
2502085,38.61590845,-89.64220547,0.930311561
2502089,38.61590843,-89.64220482,0.927656869
2502093,38.61590842,-89.64220417,0.925002178
2502097,38.6159084,-89.64220352,0.922347486
2502101,38.61590839,-89.64220288,0.920685887
2502105,38.61590837,-89.64220223,0.919024289
2502109,38.61590836,-89.64220158,0.91707623
2502113,38.61590834,-89.64220093,0.915128171
2502117,38.61590833,-89.64220027,0.913180113
2502121,38.61590831,-89.64219962,0.913266063
2502125,38.6159083,-89.64219897,0.913352013
2502129,38.61590829,-89.64219832,0.91258808
2502133,38.61590828,-89.64219767,0.911824147
2502137,38.61590826,-89.64219701,0.911060214
2502141,38.61590825,-89.64219636,0.910114825
2502145,38.61590824,-89.64219571,0.909169436
2502149,38.61590823,-89.64219506,0.910926501
2502153,38.61590821,-89.64219441,0.912683566
2502157,38.6159082,-89.64219375,0.914440632
2502161,38.61590819,-89.6421931,0.91670382
2502165,38.61590817,-89.6421925,0.918967009
2502169,38.61590816,-89.6421919,0.918336749
2502173,38.61590815,-89.6421913,0.91770649
2502177,38.61590813,-89.64219069,0.91707623
2502181,38.61590812,-89.64219009,0.915844381
2502185,38.61590811,-89.64218949,0.914612532
2502189,38.61590809,-89.64218889,0.911308467
2502193,38.61590808,-89.64218829,0.908004403
2502197,38.61590807,-89.64218769,0.904700339
2502201,38.61590805,-89.64218708,0.9025231
2502205,38.61590804,-89.64218648,0.900345862
2502209,38.61590802,-89.64218588,0.899410029
2502213,38.61590801,-89.64218528,0.898474197
2502217,38.615908,-89.64218468,0.897538364
2502221,38.61590798,-89.64218408,0.898512393
2502225,38.61590797,-89.64218348,0.899486423
2502229,38.61590796,-89.64218288,0.90355444
2502233,38.61590794,-89.64218228,0.907622457
2502237,38.61590793,-89.64218168,0.911690474
2502241,38.61590792,-89.64218108,0.913581222
2502245,38.6159079,-89.64218048,0.915471971
2502249,38.61590789,-89.64217988,0.915567458
2502253,38.61590788,-89.64217928,0.915662944
2502257,38.61590786,-89.64217868,0.915758431
2502261,38.61590785,-89.64217808,0.914841712
2502265,38.61590784,-89.64217748,0.913924992
2502269,38.61590782,-89.64217683,0.914287865
2502273,38.6159078,-89.64217618,0.914650738
2502277,38.61590779,-89.64217553,0.915013611
2502281,38.61590777,-89.64217488,0.915185481
2502285,38.61590776,-89.64217422,0.915357351
2502289,38.61590774,-89.64217357,0.915643831
2502293,38.61590772,-89.64217292,0.915930311
2502297,38.61590771,-89.64217227,0.916216791
2502301,38.61590769,-89.64217162,0.915787071
2502305,38.61590767,-89.64217097,0.915357351
2502309,38.61590766,-89.64217032,0.917840183
2502313,38.61590764,-89.64216967,0.920323014
2502317,38.61590763,-89.64216902,0.922805846
2502321,38.61590761,-89.64216837,0.924438775
2502325,38.61590759,-89.64216772,0.926071703
2502329,38.61590758,-89.64216707,0.926950236
2502333,38.61590756,-89.64216642,0.927828769
2502337,38.61590754,-89.64216577,0.928707302
2502341,38.61590753,-89.64216512,0.928363532
2502345,38.61590751,-89.64216447,0.928019762
2502349,38.6159075,-89.64216382,0.927313109
2502353,38.61590748,-89.64216317,0.926606456
2502357,38.61590746,-89.64216252,0.925899804
2502361,38.61590745,-89.64216187,0.923751205
2502365,38.61590744,-89.64216127,0.921602607
2502369,38.61590742,-89.64216067,0.921411634
2502373,38.61590741,-89.64216007,0.92122066
2502377,38.6159074,-89.64215946,0.921029687
2502381,38.61590739,-89.64215886,0.919998348
2502385,38.61590737,-89.64215826,0.918967009
2502389,38.61590736,-89.64215766,0.918890615
2502393,38.61590735,-89.64215706,0.918814222
2502397,38.61590734,-89.64215646,0.918737829
2502401,38.61590732,-89.64215586,0.921172887
2502405,38.61590731,-89.64215526,0.923607945
2502409,38.6159073,-89.64215466,0.924448292
2502413,38.61590729,-89.64215406,0.925288638
2502417,38.61590727,-89.6421535,0.926128984
2502421,38.61590726,-89.64215294,0.927017063
2502425,38.61590724,-89.64215239,0.927905142
2502429,38.61590723,-89.64215183,0.928115229
2502433,38.61590721,-89.64215127,0.928325315
2502437,38.6159072,-89.64215071,0.928535402
2502441,38.61590718,-89.64215015,0.927647322
2502445,38.61590717,-89.6421496,0.926759243
2502449,38.61590715,-89.64214904,0.926606456
2502453,38.61590714,-89.64214848,0.92645367
2502457,38.61590713,-89.64214792,0.926300883
2502461,38.61590711,-89.64214736,0.925441444
2502465,38.6159071,-89.64214681,0.924582005
2502469,38.61590708,-89.64214625,0.92628177
2502473,38.61590707,-89.64214573,0.927981536
2502477,38.61590706,-89.64214521,0.929681301
2502481,38.61590704,-89.64214469,0.930254281
2502485,38.61590703,-89.64214417,0.93082726
2502489,38.61590702,-89.64214365,0.93071266
2502493,38.61590701,-89.64214313,0.93059806
2502497,38.61590699,-89.64214261,0.93048346
2502501,38.61590698,-89.64214209,0.927876502
2502505,38.61590697,-89.64214157,0.925269544
2502509,38.61590696,-89.64214105,0.925040364
2502513,38.61590694,-89.64214053,0.924811184
2502517,38.61590693,-89.64214001,0.924582005
2502521,38.61590692,-89.64213949,0.923522025
2502525,38.61590691,-89.64213897,0.922462046
2502529,38.61590689,-89.64213845,0.9217363
2502533,38.61590687,-89.64213759,0.921010554
2502537,38.61590685,-89.64213672,0.920284808
2502541,38.61590683,-89.64213585,0.918823779
2502545,38.61590681,-89.64213499,0.91736275
2502549,38.61590679,-89.64213412,0.916369617
2502553,38.61590677,-89.64213326,0.915376484
2502557,38.61590675,-89.64213239,0.914383352
2502561,38.61590672,-89.64213153,0.915787101
2502565,38.6159067,-89.64213066,0.91719085
2502569,38.61590669,-89.64213001,0.918012083
2502573,38.61590667,-89.64212936,0.918833315
2502577,38.61590665,-89.64212871,0.919654548
2502581,38.61590663,-89.64212805,0.922032327
2502585,38.61590662,-89.6421274,0.924410105
2502589,38.6159066,-89.64212675,0.924524705
2502593,38.61590658,-89.6421261,0.924639305
2502597,38.61590656,-89.64212545,0.924753904
2502601,38.61590655,-89.6421248,0.927045733
2502605,38.61590653,-89.64212415,0.929337561
2502609,38.61590651,-89.6421235,0.930617154
2502613,38.61590649,-89.64212284,0.931896746
2502617,38.61590648,-89.64212224,0.933176339
2502621,38.61590646,-89.64212164,0.939192414
2502625,38.61590645,-89.64212104,0.94520849
2502629,38.61590643,-89.64212044,0.948569834
2502633,38.61590642,-89.64211984,0.951931179
2502637,38.6159064,-89.64211924,0.955292523
2502641,38.61590638,-89.64211864,0.958672971
2502645,38.61590637,-89.64211804,0.962053418
2502649,38.61590635,-89.64211744,0.962168018
2502653,38.61590634,-89.64211684,0.962282618
2502657,38.61590632,-89.64211624,0.962397218
2502661,38.61590631,-89.64211564,0.961938858
2502665,38.61590629,-89.64211504,0.961480498
2502669,38.61590627,-89.6421144,0.961442292
2502673,38.61590626,-89.64211375,0.961404085
2502677,38.61590624,-89.6421131,0.961365879
2502681,38.61590623,-89.64211245,0.963543117
2502685,38.61590621,-89.64211181,0.965720356
2502689,38.6159062,-89.64211116,0.966216922
2502693,38.61590618,-89.64211051,0.966713488
2502697,38.61590617,-89.64210986,0.967210054
2502701,38.61590615,-89.64210921,0.968298674
2502705,38.61590614,-89.64210857,0.969387293
2502709,38.61590612,-89.64210792,0.970991572
2502713,38.6159061,-89.64210727,0.972595851
2502717,38.61590609,-89.64210662,0.97420013
2502721,38.61590607,-89.64210597,0.97391367
2502725,38.61590606,-89.64210532,0.97362721
2502729,38.61590604,-89.64210466,0.973665396
2502733,38.61590603,-89.64210401,0.973703583
2502737,38.61590601,-89.64210336,0.97374177
2502741,38.61590599,-89.64210271,0.974801749
2502745,38.61590598,-89.64210206,0.975861728
2502749,38.61590596,-89.64210141,0.976511081
2502753,38.61590595,-89.64210075,0.977160434
2502757,38.61590593,-89.6421001,0.977809787
2502761,38.61590592,-89.64209945,0.979156226
2502765,38.6159059,-89.64209885,0.980502665
2502769,38.61590589,-89.64209825,0.979643226
2502773,38.61590587,-89.64209765,0.978783786
2502777,38.61590586,-89.64209705,0.977924347
2502781,38.61590584,-89.64209645,0.976835728
2502785,38.61590583,-89.64209585,0.975747109
2502789,38.61590581,-89.64209525,0.974524796
2502793,38.6159058,-89.64209465,0.973302484
2502797,38.61590578,-89.64209406,0.972080171
2502801,38.61590577,-89.64209346,0.970361322
2502805,38.61590575,-89.64209286,0.968642473
2502809,38.61590574,-89.64209226,0.970418632
2502813,38.61590572,-89.64209166,0.972194791
2502817,38.61590571,-89.64209106,0.97397095
2502821,38.61590569,-89.64209046,0.978325427
2502825,38.61590568,-89.64208986,0.982679904
2502829,38.61590566,-89.64208925,0.985391915
2502833,38.61590565,-89.64208865,0.988103926
2502837,38.61590563,-89.64208805,0.990815938
2502841,38.61590562,-89.64208745,0.994081795
2502845,38.6159056,-89.64208685,0.997347653
2502849,38.61590559,-89.64208625,0.999314785
2502853,38.61590557,-89.64208565,1.001281917
2502857,38.61590556,-89.64208505,1.003249049
2502861,38.61590554,-89.64208445,1.000785351
2502865,38.61590553,-89.64208385,0.998321652
2502869,38.61590551,-89.6420832,0.994119962
2502873,38.6159055,-89.64208255,0.989918272
2502877,38.61590548,-89.64208189,0.985716581
2502881,38.61590546,-89.64208124,0.980760515
2502885,38.61590545,-89.64208059,0.975804448
2502889,38.61590543,-89.64207994,0.972901464
2502893,38.61590541,-89.64207929,0.969998479
2502897,38.6159054,-89.64207864,0.967095494
2502901,38.61590538,-89.64207798,0.966780365
2502905,38.61590537,-89.64207733,0.966465235
2502909,38.61590535,-89.64207668,0.970132152
2502913,38.61590533,-89.64207603,0.97379907
2502917,38.61590532,-89.64207538,0.977465987
2502921,38.6159053,-89.64207473,0.983224213
2502925,38.61590529,-89.64207408,0.988982439
2502929,38.61590527,-89.64207343,0.990510325
2502933,38.61590525,-89.64207278,0.99203821
2502937,38.61590524,-89.64207213,0.993566096
2502941,38.61590522,-89.64207148,0.991474807
2502945,38.61590521,-89.64207083,0.989383519
2502949,38.61590519,-89.64207018,0.986289541
2502953,38.61590517,-89.64206953,0.983195563
2502957,38.61590516,-89.64206888,0.980101585
2502961,38.61590514,-89.64206823,0.976004958
2502965,38.61590513,-89.64206762,0.971908331
2502969,38.61590512,-89.64206702,0.967076381
2502973,38.6159051,-89.64206642,0.962244431
2502977,38.61590509,-89.64206582,0.957412481
2502981,38.61590508,-89.64206522,0.955149293
2502985,38.61590506,-89.64206462,0.952886105
2502989,38.61590505,-89.64206402,0.952465932
2502993,38.61590504,-89.64206342,0.952045759
2502997,38.61590502,-89.64206282,0.951625586
2503001,38.61590501,-89.64206221,0.953688234
2503005,38.61590499,-89.64206161,0.955750883
2503009,38.61590498,-89.64206101,0.956266542
2503013,38.61590497,-89.64206041,0.956782202
2503017,38.61590495,-89.64205981,0.957297862
2503021,38.61590494,-89.64205921,0.95987618
2503025,38.61590493,-89.64205861,0.962454498
2503029,38.61590491,-89.64205801,0.960621039
2503033,38.6159049,-89.64205741,0.95878758
2503037,38.61590489,-89.64205681,0.956954122
2503041,38.61590488,-89.64205621,0.954261214
2503045,38.61590486,-89.64205561,0.951568306
2503049,38.61590485,-89.64205501,0.948283354
2503053,38.61590484,-89.64205441,0.944998403
2503057,38.61590482,-89.64205381,0.941713452
2503061,38.61590481,-89.64205321,0.935210377
2503065,38.6159048,-89.64205261,0.928707302
2503069,38.61590478,-89.64205196,0.927675982
2503073,38.61590477,-89.64205131,0.926644663
2503077,38.61590475,-89.64205065,0.925613344
2503081,38.61590474,-89.64205,0.924839824
2503085,38.61590472,-89.64204935,0.924066305
2503089,38.61590471,-89.6420487,0.925556004
2503093,38.61590469,-89.64204805,0.927045703
2503097,38.61590468,-89.64204739,0.928535402
2503101,38.61590466,-89.64204674,0.929939151
2503105,38.61590465,-89.64204609,0.9313429
2503109,38.61590463,-89.64204544,0.930158794
2503113,38.61590462,-89.64204479,0.928974688
2503117,38.6159046,-89.64204419,0.927790582
2503121,38.61590459,-89.64204359,0.926558703
2503125,38.61590458,-89.64204299,0.925326824
2503129,38.61590456,-89.64204238,0.92248114
2503133,38.61590455,-89.64204178,0.919635455
2503137,38.61590454,-89.64204118,0.91678977
2503141,38.61590452,-89.64204058,0.912062883
2503145,38.61590451,-89.64203998,0.907335997
2503149,38.6159045,-89.64203938,0.906361957
2503153,38.61590449,-89.64203878,0.905387918
2503157,38.61590447,-89.64203818,0.904413879
2503161,38.61590446,-89.64203758,0.903812289
2503165,38.61590445,-89.64203698,0.9032107
2503169,38.61590443,-89.64203633,0.903554459
2503173,38.61590442,-89.64203568,0.903898219
2503177,38.61590441,-89.64203503,0.904241979
2503181,38.6159044,-89.64203439,0.90341121
2503185,38.61590439,-89.64203374,0.90258044
2503189,38.61590437,-89.64203309,0.903821846
2503193,38.61590436,-89.64203244,0.905063252
2503197,38.61590435,-89.64203179,0.906304658
2503201,38.61590434,-89.64203114,0.905531168
2503205,38.61590432,-89.64203049,0.904757679
2503209,38.61590431,-89.64202985,0.903172493
2503213,38.6159043,-89.6420292,0.901587308
2503217,38.61590429,-89.6420286,0.900002122
2503221,38.61590428,-89.642028,0.894530356
2503225,38.61590426,-89.6420274,0.88905859
2503229,38.61590425,-89.6420268,0.88451314
2503233,38.61590424,-89.6420262,0.87996769
2503237,38.61590423,-89.6420256,0.875422239
2503241,38.61590422,-89.642025,0.871354222
2503245,38.6159042,-89.6420244,0.867286205
2503249,38.61590419,-89.6420238,0.868241131
2503253,38.61590418,-89.64202319,0.869196057
2503257,38.61590417,-89.64202259,0.870150983
2503261,38.61590416,-89.64202199,0.872528762
2503265,38.61590414,-89.64202139,0.87490654
2503269,38.61590413,-89.64202074,0.877332072
2503273,38.61590411,-89.64202009,0.879757603
2503277,38.6159041,-89.64201944,0.882183135
2503281,38.61590409,-89.64201879,0.882039875
2503285,38.61590407,-89.64201814,0.881896615
2503289,38.61590406,-89.64201749,0.881342769
2503293,38.61590404,-89.64201684,0.880788922
2503297,38.61590403,-89.64201619,0.880235076
2503301,38.61590401,-89.64201554,0.877742708
2503305,38.615904,-89.64201489,0.87525034
2503309,38.61590398,-89.64201424,0.875594119
2503313,38.61590397,-89.64201359,0.875937899
2503317,38.61590396,-89.64201299,0.876281679
2503321,38.61590395,-89.64201239,0.878630787
2503325,38.61590394,-89.64201179,0.880979896
2503329,38.61590392,-89.64201119,0.881743848
2503333,38.61590391,-89.64201059,0.882507801
2503337,38.6159039,-89.64200999,0.883271754
2503341,38.61590389,-89.64200939,0.883586884
2503345,38.61590388,-89.64200879,0.883902013
2503349,38.61590387,-89.64200819,0.885105213
2503353,38.61590386,-89.64200759,0.886308412
2503357,38.61590385,-89.64200699,0.887511611
2503361,38.61590383,-89.64200639,0.88937372
2503365,38.61590382,-89.64200578,0.891235828
2503369,38.61590381,-89.64200514,0.892572741
2503373,38.61590379,-89.64200449,0.893909653
2503377,38.61590378,-89.64200384,0.895246565
2503381,38.61590376,-89.64200319,0.893012017
2503385,38.61590374,-89.64200254,0.890777469
2503389,38.61590373,-89.64200189,0.888619343
2503393,38.61590371,-89.64200124,0.886461218
2503397,38.6159037,-89.64200059,0.884303093
2503401,38.61590368,-89.64199994,0.885391712
2503405,38.61590366,-89.6419993,0.886480331
2503409,38.61590365,-89.64199865,0.886976878
2503413,38.61590363,-89.641998,0.887473424
2503417,38.61590362,-89.6419974,0.887969971
2503421,38.61590361,-89.6419968,0.892524988
2503425,38.61590359,-89.6419962,0.897080004
2503429,38.61590358,-89.6419956,0.899524629
2503433,38.61590356,-89.641995,0.901969254
2503437,38.61590355,-89.6419944,0.904413879
2503441,38.61590354,-89.6419938,0.909112126
2503445,38.61590352,-89.6419932,0.913810372
2503449,38.61590351,-89.6419926,0.913695792
2503453,38.61590349,-89.641992,0.913581212
2503457,38.61590348,-89.6419914,0.913466632
2503461,38.61590347,-89.6419908,0.913753092
2503465,38.61590345,-89.6419902,0.914039552
2503469,38.61590344,-89.64198955,0.915987611
2503473,38.61590342,-89.6419889,0.917935669
2503477,38.61590341,-89.64198825,0.919883728
2503481,38.61590339,-89.6419876,0.925011694
2503485,38.61590338,-89.64198695,0.930139661
2503489,38.61590336,-89.64198631,0.931495667
2503493,38.61590334,-89.64198566,0.932851672
2503497,38.61590333,-89.64198501,0.934207678
2503501,38.61590331,-89.64198436,0.939736724
2503505,38.6159033,-89.64198371,0.94526577
2503509,38.61590328,-89.64198306,0.946468989
2503513,38.61590327,-89.64198241,0.947672208
2503517,38.61590326,-89.64198181,0.948875427
2503521,38.61590324,-89.64198121,0.951511025
2503525,38.61590323,-89.64198061,0.954146624
2503529,38.61590322,-89.64198001,0.957087815
2503533,38.6159032,-89.64197941,0.960029006
2503537,38.61590319,-89.64197881,0.962970197
2503541,38.61590318,-89.64197821,0.966407925
2503545,38.61590317,-89.64197761,0.969845653
2503549,38.61590315,-89.64197701,0.972041984
2503553,38.61590314,-89.64197641,0.974238316
2503557,38.61590313,-89.64197581,0.976434648
2503561,38.61590311,-89.64197521,0.977351397
2503565,38.6159031,-89.64197461,0.978268147
2503569,38.61590308,-89.64197396,0.977733394
2503573,38.61590307,-89.64197331,0.977198641
2503577,38.61590305,-89.64197266,0.976663888
2503581,38.61590303,-89.64197201,0.974572569
2503585,38.61590302,-89.64197136,0.972481251
2503589,38.615903,-89.64197071,0.972786844
2503593,38.61590298,-89.64197005,0.973092437
2503597,38.61590297,-89.6419694,0.97339803
2503601,38.61590295,-89.64196875,0.977666557
2503605,38.61590293,-89.6419681,0.981935084
2503609,38.61590291,-89.64196745,0.983539363
2503613,38.6159029,-89.6419668,0.985143642
2503617,38.61590288,-89.64196615,0.986747921
2503621,38.61590287,-89.64196549,0.989211649
2503625,38.61590285,-89.64196484,0.991675377
2503629,38.61590284,-89.64196419,0.992840389
2503633,38.61590282,-89.64196354,0.994005402
2503637,38.6159028,-89.64196288,0.995170414
2503641,38.61590279,-89.64196223,0.994139075
2503645,38.61590277,-89.64196158,0.993107736
2503649,38.61590276,-89.64196093,0.993413309
2503653,38.61590274,-89.64196028,0.993718882
2503657,38.61590273,-89.64195962,0.994024456
2503661,38.61590271,-89.64195897,0.995170385
2503665,38.6159027,-89.64195854,0.996316314
2503669,38.61590269,-89.6419581,0.997233053
2503673,38.61590268,-89.64195767,0.998149792
2503677,38.61590267,-89.64195723,0.999066532
2503681,38.61590266,-89.6419568,1.000040561
2503685,38.61590265,-89.64195636,1.00101459
2503689,38.61590264,-89.64195593,0.999754071
2503693,38.61590263,-89.64195549,0.998493552
2503697,38.61590262,-89.64195506,0.997233033
2503701,38.61590261,-89.64195463,0.998436242
2503705,38.6159026,-89.64195419,0.999639452
2503709,38.61590259,-89.64195376,1.000518004
2503713,38.61590258,-89.64195332,1.001396557
2503717,38.61590257,-89.64195289,1.002275109
2503721,38.61590256,-89.64195245,1.002045929
2503725,38.61590255,-89.64195202,1.00181675
2503729,38.61590254,-89.64195158,1.003325542
2503733,38.61590253,-89.64195115,1.004834334
2503737,38.61590251,-89.64195004,1.006343126
2503741,38.61590248,-89.64194892,1.006944716
2503745,38.61590246,-89.64194781,1.007546306
2503749,38.61590243,-89.6419467,1.005922914
2503753,38.61590241,-89.64194559,1.004299521
2503757,38.61590238,-89.64194447,1.002676129
2503761,38.61590236,-89.64194336,1.00195992
2503765,38.61590235,-89.64194276,1.001243711
2503769,38.61590233,-89.64194216,1.001568397
2503773,38.61590232,-89.64194156,1.001893083
2503777,38.61590231,-89.64194096,1.00221777
2503781,38.6159023,-89.64194037,1.005311728
2503785,38.61590229,-89.64193977,1.008405685
2503789,38.61590228,-89.64193917,1.009971778
2503793,38.61590227,-89.64193857,1.01153787
2503797,38.61590226,-89.64193797,1.013103962
2503801,38.61590225,-89.64193737,1.014249861
2503805,38.61590224,-89.64193677,1.015395761
2503809,38.61590223,-89.64193617,1.014536341
2503813,38.61590222,-89.64193558,1.013676922
2503817,38.6159022,-89.64193498,1.012817502
2503821,38.61590219,-89.64193438,1.010067284
2503825,38.61590217,-89.64193378,1.007317066
2503829,38.61590216,-89.64193317,1.006514947
2503833,38.61590215,-89.64193257,1.005712827
2503837,38.61590213,-89.64193197,1.004910707
2503841,38.61590212,-89.64193137,1.005999327
2503845,38.61590211,-89.64193077,1.007087946
2503849,38.61590209,-89.64193017,1.008806825
2503853,38.61590208,-89.64192957,1.010525703
2503857,38.61590207,-89.64192897,1.012244582
2503861,38.61590205,-89.64192837,1.011614323
2503865,38.61590204,-89.64192777,1.010984063
2503869,38.61590203,-89.64192712,1.01039199
2503873,38.61590201,-89.64192647,1.009799918
2503877,38.615902,-89.64192583,1.009207845
2503881,38.61590199,-89.64192518,1.008319795
2503885,38.61590198,-89.64192453,1.007431746
2503889,38.61590196,-89.64192388,1.006877859
2503893,38.61590195,-89.64192323,1.006323973
2503897,38.61590194,-89.64192258,1.005770087
2503901,38.61590193,-89.64192193,1.004939318
2503905,38.61590192,-89.64192128,1.004108548
2503909,38.6159019,-89.64192063,1.003592889
2503913,38.61590189,-89.64191999,1.003077229
2503917,38.61590188,-89.64191939,1.002561569
2503921,38.61590187,-89.64191879,0.996917933
2503925,38.61590186,-89.64191819,0.991274297
2503929,38.61590184,-89.64191759,0.990032891
2503933,38.61590183,-89.64191699,0.988791486
2503937,38.61590182,-89.64191639,0.98755008
2503941,38.61590181,-89.64191579,0.988581389
2503945,38.6159018,-89.64191519,0.989612699
2503949,38.61590178,-89.64191459,0.991178791
2503953,38.61590177,-89.64191399,0.992744883
2503957,38.61590176,-89.64191339,0.994310975
2503961,38.61590175,-89.64191279,0.996430904
2503965,38.61590174,-89.64191219,0.998550832
2503969,38.61590173,-89.64191159,0.998990099
2503973,38.61590171,-89.64191099,0.999429365
2503977,38.6159017,-89.64191039,0.999868631
2503981,38.61590169,-89.64190978,0.996545494
2503985,38.61590168,-89.64190918,0.993222356
2503989,38.61590167,-89.64190858,0.991770864
2503993,38.61590166,-89.64190798,0.990319371
2503997,38.61590164,-89.64190738,0.988867879
2504001,38.61590163,-89.64190678,0.98812303
2504005,38.61590162,-89.64190618,0.98737818
2504009,38.61590161,-89.64190558,0.986213168
2504013,38.6159016,-89.64190498,0.985048155
2504017,38.61590159,-89.64190438,0.983883143
2504021,38.61590157,-89.64190373,0.982221544
2504025,38.61590156,-89.64190308,0.980559945
2504029,38.61590155,-89.64190243,0.979967892
2504033,38.61590154,-89.64190178,0.979375839
2504037,38.61590152,-89.64190113,0.978783786
2504041,38.61590151,-89.64190048,0.979385406
2504045,38.6159015,-89.64189983,0.979987025
2504049,38.61590149,-89.64189918,0.980388085
2504053,38.61590147,-89.64189853,0.980789145
2504057,38.61590146,-89.64189788,0.981190205
2504061,38.61590145,-89.64189723,0.981046975
2504065,38.61590144,-89.64189658,0.980903745
2504069,38.61590143,-89.64189593,0.97765698
2504073,38.61590142,-89.64189527,0.974410216
2504077,38.61590141,-89.64189462,0.971163452
2504081,38.6159014,-89.64189397,0.964803636
2504085,38.61590139,-89.64189332,0.958443821
2504089,38.61590138,-89.64189267,0.953573664
2504093,38.61590137,-89.64189201,0.948703508
2504097,38.61590136,-89.64189136,0.943833351
2504101,38.61590135,-89.64189071,0.938934565
2504105,38.61590134,-89.64189006,0.934035778
2504109,38.61590133,-89.64188941,0.934284071
2504113,38.61590132,-89.64188875,0.934532364
2504117,38.61590131,-89.64188815,0.934780657
2504121,38.6159013,-89.64188755,0.939020544
2504125,38.61590129,-89.64188694,0.943260431
2504129,38.61590128,-89.64188634,0.94475011
2504133,38.61590127,-89.64188574,0.946239789
2504137,38.61590125,-89.64188514,0.947729468
2504141,38.61590124,-89.64188453,0.946640849
2504145,38.61590123,-89.64188393,0.94555223
2504149,38.61590122,-89.64188333,0.943909764
2504153,38.61590121,-89.64188272,0.942267299
2504157,38.6159012,-89.64188212,0.940624833
2504161,38.61590119,-89.64188152,0.937502205
2504165,38.61590118,-89.64188092,0.934379578
2504169,38.61590117,-89.64188027,0.932030459
2504173,38.61590116,-89.64187962,0.929681341
2504177,38.61590115,-89.64187896,0.927332223
2504181,38.61590114,-89.64187831,0.927675992
2504185,38.61590112,-89.64187766,0.928019762
2504189,38.61590111,-89.64187701,0.927714169
2504193,38.6159011,-89.64187636,0.927408576
2504197,38.61590109,-89.64187571,0.927102983
2504201,38.61590108,-89.64187506,0.929423481
2504205,38.61590107,-89.64187441,0.93174398
2504209,38.61590106,-89.64187376,0.932068646
2504213,38.61590104,-89.64187311,0.932393313
2504217,38.61590103,-89.64187251,0.932717979
2504221,38.61590102,-89.64187191,0.936871946
2504225,38.61590101,-89.64187131,0.941025913
2504229,38.615901,-89.64187071,0.941579759
2504233,38.61590099,-89.64187011,0.942133606
2504237,38.61590098,-89.64186951,0.942687452
2504241,38.61590097,-89.64186891,0.94529441
2504245,38.61590096,-89.64186831,0.947901368
2504249,38.61590095,-89.64186771,0.945705036
2504253,38.61590094,-89.64186711,0.943508705
2504257,38.61590093,-89.6418665,0.941312373
2504261,38.61590092,-89.6418659,0.936614126
2504265,38.61590091,-89.6418653,0.931915879
2504269,38.6159009,-89.64186465,0.930693567
2504273,38.61590089,-89.641864,0.929471254
2504277,38.61590088,-89.64186335,0.928248942
2504281,38.61590087,-89.64186269,0.927618682
2504285,38.61590085,-89.64186204,0.926988423
2504289,38.61590084,-89.64186139,0.928936482
2504293,38.61590083,-89.64186073,0.93088454
2504297,38.61590082,-89.64186008,0.932832599
2504301,38.61590081,-89.64185943,0.934637398
2504305,38.6159008,-89.64185878,0.936442196
2504309,38.61590079,-89.64185812,0.938581248
2504313,38.61590078,-89.64185747,0.9407203
2504317,38.61590077,-89.64185682,0.942859352
2504321,38.61590076,-89.64185617,0.943804741
2504325,38.61590075,-89.64185552,0.94475013
2504329,38.61590073,-89.64185487,0.945132097
2504333,38.61590072,-89.64185422,0.945514063
2504337,38.61590071,-89.64185357,0.94589603
2504341,38.6159007,-89.64185292,0.94589603
2504345,38.61590069,-89.64185227,0.94589603
2504349,38.61590068,-89.64185162,0.946277996
2504353,38.61590067,-89.64185097,0.946659962
2504357,38.61590066,-89.64185032,0.947041929
2504361,38.61590065,-89.64184967,0.949333757
2504365,38.61590064,-89.64184908,0.951625586
2504369,38.61590063,-89.64184848,0.953592738
2504373,38.61590062,-89.64184788,0.95555989
2504377,38.6159006,-89.64184728,0.957527041
2504381,38.61590059,-89.64184668,0.956896812
2504385,38.61590058,-89.64184609,0.956266582
2504389,38.61590057,-89.64184549,0.958634794
2504393,38.61590056,-89.64184489,0.961003006
2504397,38.61590055,-89.64184429,0.963371217
2504401,38.61590054,-89.64184369,0.964774966
2504405,38.61590053,-89.6418431,0.966178715
2504409,38.61590052,-89.6418425,0.966751675
2504413,38.61590051,-89.6418419,0.967324634
2504417,38.6159005,-89.64184138,0.967897594
2504421,38.61590049,-89.64184086,0.968069494
2504425,38.61590048,-89.64184033,0.968241394
2504429,38.61590047,-89.64183981,0.967974007
2504433,38.61590046,-89.64183929,0.967706621
2504437,38.61590045,-89.64183877,0.967439234
2504441,38.61590044,-89.64183824,0.965863615
2504445,38.61590043,-89.64183772,0.964287996
2504449,38.61590042,-89.6418372,0.967152774
2504453,38.61590042,-89.64183668,0.970017552
2504457,38.61590041,-89.64183615,0.97288233
2504461,38.6159004,-89.64183563,0.976176828
2504465,38.61590039,-89.64183511,0.979471326
2504469,38.61590038,-89.64183459,0.98300457
2504473,38.61590037,-89.64183406,0.986537814
2504477,38.61590036,-89.6418335,0.990071058
2504481,38.61590035,-89.64183295,0.989584059
2504485,38.61590034,-89.64183239,0.989097059
2504489,38.61590033,-89.64183183,0.989440839
2504493,38.61590033,-89.64183127,0.989784618
2504497,38.61590032,-89.64183071,0.990128398
2504501,38.61590031,-89.64183015,0.988982469
2504505,38.6159003,-89.64182959,0.98783654
2504509,38.61590029,-89.64182903,0.98720628
2504513,38.61590028,-89.64182848,0.986576021
2504517,38.61590028,-89.64182792,0.985945761
2504521,38.61590027,-89.64182736,0.986146301
2504525,38.61590026,-89.6418268,0.986346841
2504529,38.61590025,-89.64182624,0.987569153
2504533,38.61590023,-89.64182537,0.988791466
2504537,38.61590022,-89.6418245,0.990013778
2504541,38.6159002,-89.64182363,0.992706686
2504545,38.61590018,-89.64182277,0.995399594
2504549,38.61590016,-89.6418219,0.994444668
2504553,38.61590015,-89.64182103,0.993489742
2504557,38.61590013,-89.64182016,0.992534816
2504561,38.61590011,-89.64181929,0.993680716
2504565,38.6159001,-89.64181842,0.994826615
2504569,38.61590009,-89.64181777,0.995628754
2504573,38.61590008,-89.64181712,0.996430894
2504577,38.61590007,-89.64181647,0.997233033
2504581,38.61590006,-89.64181581,0.995857954
2504585,38.61590005,-89.64181516,0.994482875
2504589,38.61590004,-89.64181451,0.993948102
2504593,38.61590003,-89.64181386,0.993413329
2504597,38.61590002,-89.64181321,0.992878556
2504601,38.61590001,-89.64181256,0.988810569
2504605,38.61590001,-89.6418119,0.984742582
2504609,38.6159,-89.64181125,0.983023703
2504613,38.61589999,-89.6418106,0.981304824
2504617,38.61589998,-89.64180995,0.979585946
2504621,38.61589997,-89.6418093,0.979585946
2504625,38.61589995,-89.64180864,0.979585946
2504629,38.61589994,-89.64180799,0.980617265
2504633,38.61589993,-89.64180734,0.981648584
2504637,38.61589992,-89.64180669,0.982679904
2504641,38.61589991,-89.64180603,0.985029042
2504645,38.6158999,-89.64180538,0.98737818
2504649,38.61589989,-89.64180473,0.987741053
2504653,38.61589988,-89.64180408,0.988103926
2504657,38.61589986,-89.64180342,0.988466799
2504661,38.61589985,-89.64180277,0.989297599
2504665,38.61589984,-89.64180217,0.990128398
2504669,38.61589983,-89.64180157,0.989975592
2504673,38.61589982,-89.64180097,0.989822785
2504677,38.61589981,-89.64180037,0.989669979
2504681,38.6158998,-89.64179976,0.988724619
2504685,38.61589979,-89.64179916,0.98777926
2504689,38.61589978,-89.64179856,0.98755008
2504693,38.61589977,-89.64179796,0.9873209
2504697,38.61589976,-89.64179736,0.98709172
2504701,38.61589975,-89.64179675,0.988180339
2504705,38.61589974,-89.64179615,0.989268959
2504709,38.61589973,-89.64179555,0.990453064
2504713,38.61589972,-89.64179495,0.99163717
2504717,38.61589971,-89.6417943,0.992821276
2504721,38.6158997,-89.64179365,0.992506146
2504725,38.61589969,-89.641793,0.992191017
2504729,38.61589968,-89.64179234,0.992744883
2504733,38.61589967,-89.64179169,0.993298749
2504737,38.61589966,-89.64179104,0.993852615
2504741,38.61589964,-89.64179039,0.991618067
2504745,38.61589963,-89.64178974,0.989383519
2504749,38.61589962,-89.64178909,0.989555399
2504753,38.61589961,-89.64178844,0.989727279
2504757,38.6158996,-89.64178779,0.989899159
2504761,38.61589959,-89.64178713,0.989039749
2504765,38.61589958,-89.64178653,0.988180339
2504769,38.61589957,-89.64178593,0.984666189
2504773,38.61589956,-89.64178533,0.981152038
2504777,38.61589955,-89.64178473,0.977637887
2504781,38.61589955,-89.64178413,0.974515259
2504785,38.61589954,-89.64178353,0.971392632
2504789,38.61589953,-89.64178292,0.967458328
2504793,38.61589952,-89.64178232,0.963524024
2504797,38.61589951,-89.64178172,0.95958972
2504801,38.6158995,-89.64178112,0.956925452
2504805,38.6158995,-89.64178052,0.954261184
2504809,38.61589949,-89.64177992,0.955941876
2504813,38.61589948,-89.64177932,0.957622568
2504817,38.61589947,-89.64177872,0.95930326
2504821,38.61589946,-89.64177812,0.960162699
2504825,38.61589945,-89.64177751,0.961022139
2504829,38.61589944,-89.64177691,0.958863994
2504833,38.61589943,-89.64177631,0.956705848
2504837,38.61589942,-89.64177571,0.954547703
2504841,38.61589941,-89.64177511,0.946583569
2504845,38.61589941,-89.64177451,0.938619435
2504849,38.6158994,-89.64177391,0.935391784
2504853,38.61589939,-89.64177331,0.932164133
2504857,38.61589938,-89.64177271,0.928936482
2504861,38.61589937,-89.64177211,0.925813854
2504865,38.61589936,-89.64177151,0.922691226
2504869,38.61589935,-89.64177086,0.92116334
2504873,38.61589934,-89.6417702,0.919635455
2504877,38.61589933,-89.64176955,0.918107569
2504881,38.61589933,-89.6417689,0.914669812
2504885,38.61589932,-89.64176824,0.911232054
2504889,38.61589931,-89.64176759,0.910563608
2504893,38.6158993,-89.64176694,0.909895162
2504897,38.61589929,-89.64176628,0.909226716
2504901,38.61589929,-89.64176563,0.906476528
2504905,38.61589928,-89.64176497,0.903726339
2504909,38.61589927,-89.64176432,0.901835581
2504913,38.61589926,-89.64176367,0.899944822
2504917,38.61589925,-89.64176306,0.898054063
2504921,38.61589925,-89.64176246,0.897051394
2504925,38.61589924,-89.64176186,0.896048725
2504929,38.61589923,-89.64176126,0.893527707
2504933,38.61589923,-89.64176065,0.891006688
2504937,38.61589922,-89.64176005,0.88848567
2504941,38.61589921,-89.64175945,0.884904683
2504945,38.61589921,-89.64175885,0.881323695
2504949,38.6158992,-89.64175824,0.877656758
2504953,38.6158992,-89.64175764,0.873989821
2504957,38.61589919,-89.64175704,0.870322883
2504961,38.61589918,-89.64175643,0.869578034
2504965,38.61589918,-89.64175583,0.868833184
2504969,38.61589917,-89.64175518,0.868183831
2504973,38.61589916,-89.64175453,0.867534479
2504977,38.61589915,-89.64175387,0.866885126
2504981,38.61589914,-89.64175322,0.869492084
2504985,38.61589913,-89.64175257,0.872099042
2504989,38.61589912,-89.64175191,0.872691115
2504993,38.61589911,-89.64175126,0.873283188
2504997,38.6158991,-89.64175061,0.87387526
2505001,38.61589909,-89.64174996,0.872156382
2505005,38.61589908,-89.6417493,0.870437503
2505009,38.61589907,-89.64174865,0.868508538
2505013,38.61589906,-89.641748,0.866579572
2505017,38.61589905,-89.64174739,0.864650607
2505021,38.61589905,-89.64174679,0.864049017
2505025,38.61589904,-89.64174619,0.863447428
2505029,38.61589903,-89.64174558,0.863008142
2505033,38.61589902,-89.64174498,0.862568855
2505037,38.61589902,-89.64174438,0.862129569
2505041,38.61589901,-89.64174377,0.862358779
2505045,38.615899,-89.64174317,0.862587988
2505049,38.61589899,-89.64174257,0.863523801
2505053,38.61589898,-89.64174196,0.864459614
2505057,38.61589898,-89.64174136,0.865395427
2505061,38.61589897,-89.64174075,0.866455406
2505065,38.61589896,-89.64174015,0.867515385
2505069,38.61589895,-89.6417395,0.867992858
2505073,38.61589894,-89.64173884,0.868470331
2505077,38.61589893,-89.64173819,0.868947804
2505081,38.61589892,-89.64173754,0.869234264
2505085,38.6158989,-89.64173688,0.869520724
2505089,38.61589889,-89.64173623,0.870781243
2505093,38.61589888,-89.64173558,0.872041762
2505097,38.61589887,-89.64173492,0.873302281
2505101,38.61589886,-89.64173427,0.872242302
2505105,38.61589884,-89.64173362,0.871182323
2505109,38.61589883,-89.64173296,0.869310657
2505113,38.61589882,-89.64173231,0.867438992
2505117,38.61589881,-89.64173166,0.865567327
2505121,38.6158988,-89.641731,0.861613929
2505125,38.61589879,-89.64173035,0.857660532
2505129,38.61589878,-89.64172969,0.854089101
2505133,38.61589877,-89.64172904,0.85051767
2505137,38.61589876,-89.64172838,0.84694624
2505141,38.61589875,-89.64172773,0.84697488
2505145,38.61589874,-89.64172707,0.84700352
2505149,38.61589873,-89.64172641,0.848856072
2505153,38.61589872,-89.64172576,0.850708624
2505157,38.61589871,-89.6417251,0.852561176
2505161,38.6158987,-89.64172445,0.855311394
2505165,38.61589869,-89.64172385,0.858061612
2505169,38.61589868,-89.64172324,0.858328978
2505173,38.61589867,-89.64172264,0.858596345
2505177,38.61589866,-89.64172204,0.858863711
2505181,38.61589865,-89.64172144,0.854938954
2505185,38.61589864,-89.64172083,0.851014197
2505189,38.61589864,-89.64172023,0.849142532
2505193,38.61589863,-89.64171963,0.847270866
2505197,38.61589862,-89.64171903,0.845399201
2505201,38.61589861,-89.64171842,0.840901494
2505205,38.6158986,-89.64171782,0.836403787
2505209,38.61589859,-89.64171722,0.834704022
2505213,38.61589858,-89.64171662,0.833004256
2505217,38.61589857,-89.64171601,0.831304491
2505221,38.61589856,-89.64171541,0.83256498
2505225,38.61589855,-89.64171481,0.833825469
2505229,38.61589854,-89.64171421,0.834131042
2505233,38.61589853,-89.64171361,0.834436615
2505237,38.61589852,-89.64171301,0.834742189
2505241,38.61589851,-89.64171241,0.833768159
2505245,38.6158985,-89.64171181,0.83279413
2505249,38.61589848,-89.6417112,0.83245037
2505253,38.61589847,-89.6417106,0.83210661
2505257,38.61589846,-89.64171,0.83176285
2505261,38.61589845,-89.6417094,0.829700202
2505265,38.61589844,-89.6417088,0.827637553
2505269,38.61589843,-89.64170815,0.825383922
2505273,38.61589841,-89.64170749,0.82313029
2505277,38.6158984,-89.64170684,0.820876658
2505281,38.61589839,-89.64170619,0.817009181
2505285,38.61589838,-89.64170554,0.813141704
2505289,38.61589836,-89.64170488,0.810410599
2505293,38.61589835,-89.64170423,0.807679494
2505297,38.61589834,-89.64170358,0.80494839
2505301,38.61589832,-89.64170293,0.801596582
2505305,38.61589831,-89.64170227,0.798244774
2505309,38.6158983,-89.64170162,0.797385355
2505313,38.61589829,-89.64170097,0.796525935
2505317,38.61589828,-89.64170037,0.795666516
2505321,38.61589827,-89.64169976,0.798932374
2505325,38.61589826,-89.64169916,0.802198231
2505329,38.61589825,-89.64169856,0.804623743
2505333,38.61589824,-89.64169795,0.807049255
2505337,38.61589823,-89.64169735,0.809474766
2505341,38.61589822,-89.64169675,0.811336875
2505345,38.61589821,-89.64169614,0.813198984
2505349,38.6158982,-89.64169554,0.812396844
2505353,38.61589819,-89.64169494,0.811594705
2505357,38.61589818,-89.64169433,0.810792565
2505361,38.61589817,-89.64169373,0.808959097
2505365,38.61589816,-89.64169313,0.807125628
2505369,38.61589815,-89.64169248,0.806323489
2505373,38.61589814,-89.64169183,0.805521349
2505377,38.61589813,-89.64169117,0.80471921
2505381,38.61589811,-89.64169052,0.80446139
2505385,38.6158981,-89.64168987,0.80420357
2505389,38.61589809,-89.64168922,0.805826942
2505393,38.61589808,-89.64168857,0.807450314
2505397,38.61589806,-89.64168792,0.809073687
2505401,38.61589805,-89.64168726,0.813657343
2505405,38.61589804,-89.64168661,0.818241
2505409,38.61589802,-89.64168596,0.820322752
2505413,38.61589801,-89.64168531,0.822404504
2505417,38.615898,-89.64168479,0.824486256
2505421,38.61589799,-89.64168426,0.827952653
2505425,38.61589798,-89.64168374,0.831419051
2505429,38.61589797,-89.64168322,0.834226549
2505433,38.61589796,-89.6416827,0.837034047
2505437,38.61589795,-89.64168217,0.839841545
2505441,38.61589794,-89.64168165,0.841789603
2505445,38.61589793,-89.64168113,0.843737662
2505449,38.61589792,-89.6416806,0.843279302
2505453,38.61589791,-89.64168008,0.842820942
2505457,38.6158979,-89.64167956,0.842362583
2505461,38.61589789,-89.64167904,0.841617733
2505465,38.61589788,-89.64167851,0.840872884
2505469,38.61589787,-89.64167799,0.839383185
2505473,38.61589786,-89.64167747,0.837893486
2505477,38.61589785,-89.64167691,0.836403787
2505481,38.61589784,-89.64167635,0.836145967
2505485,38.61589782,-89.64167579,0.835888147
2505489,38.61589781,-89.64167523,0.838829319
2505493,38.6158978,-89.64167468,0.84177049
2505497,38.61589779,-89.64167412,0.844711661
2505501,38.61589778,-89.64167356,0.851357967
2505505,38.61589776,-89.641673,0.858004272
2505509,38.61589775,-89.64167244,0.859952331
2505513,38.61589774,-89.64167188,0.861900389
2505517,38.61589773,-89.64167133,0.863848448
2505521,38.61589771,-89.64167077,0.864220887
2505525,38.6158977,-89.64167021,0.864593327
2505529,38.61589769,-89.64166965,0.863447408
2505533,38.61589767,-89.64166878,0.862301489
2505537,38.61589766,-89.64166791,0.86115557
2505541,38.61589764,-89.64166704,0.861728519
2505545,38.61589762,-89.64166617,0.862301469
2505549,38.61589761,-89.6416653,0.86058261
2505553,38.61589759,-89.64166443,0.858863751
2505557,38.61589757,-89.64166357,0.857144892
2505561,38.61589756,-89.6416627,0.858548611
2505565,38.61589754,-89.64166183,0.859952331
2505569,38.61589752,-89.64166117,0.862435162
2505573,38.61589751,-89.64166052,0.864917994
2505577,38.61589749,-89.64165987,0.867400825
2505581,38.61589748,-89.64165921,0.870065063
2505585,38.61589746,-89.64165856,0.872729302
2505589,38.61589745,-89.64165791,0.874257187
2505593,38.61589743,-89.64165725,0.875785073
2505597,38.61589742,-89.6416566,0.877312958
2505601,38.6158974,-89.64165595,0.879719377
2505605,38.61589739,-89.64165529,0.882125795
2505609,38.61589737,-89.64165464,0.881247262
2505613,38.61589736,-89.64165399,0.880368729
2505617,38.61589734,-89.64165333,0.879490197
2505621,38.61589733,-89.64165268,0.880435586
2505625,38.61589732,-89.64165203,0.881380975
2505629,38.61589731,-89.64165138,0.880311449
2505633,38.61589729,-89.64165072,0.879241924
2505637,38.61589728,-89.64165007,0.878172398
2505641,38.61589727,-89.64164942,0.880177766
2505645,38.61589726,-89.64164877,0.882183135
2505649,38.61589725,-89.64164811,0.883023461
2505653,38.61589723,-89.64164746,0.883863787
2505657,38.61589722,-89.64164681,0.884704113
2505661,38.61589721,-89.64164616,0.88825646
2505665,38.61589719,-89.64164555,0.891808808
2505669,38.61589718,-89.64164495,0.895857712
2505673,38.61589717,-89.64164435,0.899906615
2505677,38.61589715,-89.64164375,0.903955519
2505681,38.61589714,-89.64164315,0.906075448
2505685,38.61589713,-89.64164255,0.908195376
2505689,38.61589711,-89.64164194,0.909093022
2505693,38.6158971,-89.64164134,0.909990668
2505697,38.61589708,-89.64164074,0.910888314
2505701,38.61589707,-89.64164014,0.910859674
2505705,38.61589706,-89.64163954,0.910831034
2505709,38.61589704,-89.64163894,0.912282527
2505713,38.61589703,-89.64163833,0.913734019
2505717,38.61589702,-89.64163773,0.915185511
2505721,38.615897,-89.64163712,0.91681844
2505725,38.61589699,-89.64163652,0.918451369
2505729,38.61589697,-89.64163591,0.921373447
2505733,38.61589696,-89.64163531,0.924295525
2505737,38.61589695,-89.6416347,0.927217603
2505741,38.61589693,-89.6416341,0.930368871
2505745,38.61589692,-89.64163349,0.933520138
2505749,38.61589691,-89.64163288,0.934742451
2505753,38.61589689,-89.64163228,0.935964763
2505757,38.61589688,-89.64163167,0.937187076
2505761,38.61589687,-89.64163107,0.936671406
2505765,38.61589685,-89.64163046,0.936155736
2505769,38.61589684,-89.64162981,0.937148869
2505773,38.61589683,-89.64162915,0.938142002
2505777,38.61589681,-89.6416285,0.939135134
2505781,38.6158968,-89.64162784,0.937989205
2505785,38.61589679,-89.64162719,0.936843276
2505789,38.61589677,-89.64162653,0.936652303
2505793,38.61589676,-89.64162588,0.93646133
2505797,38.61589675,-89.64162523,0.936270356
2505801,38.61589673,-89.64162457,0.937015206
2505805,38.61589672,-89.64162392,0.937760055
2505809,38.61589671,-89.64162326,0.93628945
2505813,38.61589669,-89.64162261,0.934818844
2505817,38.61589668,-89.64162196,0.933348239
2505821,38.61589667,-89.6416213,0.934780628
2505825,38.61589665,-89.64162065,0.936213017
2505829,38.61589664,-89.64162,0.937072456
2505833,38.61589663,-89.64161935,0.937931895
2505837,38.61589661,-89.6416187,0.938791335
2505841,38.6158966,-89.64161805,0.939879954
2505845,38.61589659,-89.6416174,0.940968573
2505849,38.61589657,-89.64161675,0.943623285
2505853,38.61589656,-89.64161609,0.946277996
2505857,38.61589654,-89.64161544,0.948932707
2505861,38.61589653,-89.64161479,0.950221866
2505865,38.61589652,-89.64161419,0.951511025
2505869,38.61589651,-89.64161358,0.951663812
2505873,38.6158965,-89.64161298,0.951816599
2505877,38.61589648,-89.64161237,0.951969385
2505881,38.61589647,-89.64161177,0.949964017
2505885,38.61589646,-89.64161116,0.947958648
2505889,38.61589645,-89.64161056,0.949123681
2505893,38.61589644,-89.64160995,0.950288713
2505897,38.61589643,-89.64160935,0.951453745
2505901,38.61589642,-89.64160874,0.953946084
2505905,38.6158964,-89.64160814,0.956438422
2505909,38.61589639,-89.64160753,0.957546155
2505913,38.61589638,-89.64160693,0.958653887
2505917,38.61589637,-89.64160633,0.95976162
2505921,38.61589636,-89.64160573,0.963285297
2505925,38.61589634,-89.64160513,0.966808975
2505929,38.61589633,-89.64160453,0.96856604
2505933,38.61589632,-89.64160393,0.970323106
2505937,38.61589631,-89.64160332,0.972080171
2505941,38.61589629,-89.64160272,0.9732261
2505945,38.61589628,-89.64160212,0.974372029
2505949,38.61589627,-89.64160152,0.976186395
2505953,38.61589626,-89.64160092,0.97800076
2505957,38.61589624,-89.64160032,0.979815126
2505961,38.61589623,-89.64159972,0.978583276
2505965,38.61589622,-89.64159912,0.977351427
2505969,38.61589621,-89.64159847,0.976167301
2505973,38.6158962,-89.64159781,0.974983176
2505977,38.61589618,-89.64159716,0.97379905
2505981,38.61589617,-89.6415965,0.970332652
2505985,38.61589616,-89.64159585,0.966866255
2505989,38.61589615,-89.6415952,0.965433876
2505993,38.61589613,-89.64159454,0.964001497
2505997,38.61589612,-89.64159389,0.962569118
2506001,38.61589611,-89.64159323,0.963485837
2506005,38.6158961,-89.64159258,0.964402556
2506009,38.61589608,-89.64159193,0.966522495
2506013,38.61589607,-89.64159127,0.968642434
2506017,38.61589606,-89.64159078,0.970762372
2506021,38.61589605,-89.64159029,0.975374699
2506025,38.61589604,-89.6415898,0.979987025
2506029,38.61589603,-89.64158931,0.981362124
2506033,38.61589602,-89.64158882,0.982737223
2506037,38.61589601,-89.64158833,0.984112322
2506041,38.615896,-89.64158785,0.983768553
2506045,38.61589599,-89.64158736,0.983424783
2506049,38.61589598,-89.64158687,0.982794523
2506053,38.61589597,-89.64158638,0.982164264
2506057,38.61589596,-89.64158589,0.981534004
2506061,38.61589595,-89.6415854,0.979671896
2506065,38.61589594,-89.64158491,0.977809787
2506069,38.61589593,-89.64158442,0.975919028
2506073,38.61589592,-89.64158393,0.974028269
2506077,38.61589591,-89.64158344,0.972137511
2506081,38.61589589,-89.64158279,0.97348395
2506085,38.61589588,-89.64158213,0.974830389
2506089,38.61589587,-89.64158148,0.974906782
2506093,38.61589586,-89.64158083,0.974983176
2506097,38.61589585,-89.64158018,0.975059569
2506101,38.61589583,-89.64157953,0.973885
2506105,38.61589582,-89.64157887,0.972710431
2506109,38.61589581,-89.64157822,0.973760863
2506113,38.6158958,-89.64157757,0.974811296
2506117,38.61589579,-89.64157692,0.975861728
2506121,38.61589577,-89.64157627,0.977093577
2506125,38.61589576,-89.64157562,0.978325427
2506129,38.61589575,-89.64157474,0.978611906
2506133,38.61589573,-89.64157387,0.978898386
2506137,38.61589571,-89.641573,0.979184866
2506141,38.6158957,-89.64157213,0.978440017
2506145,38.61589568,-89.64157125,0.977695167
2506149,38.61589567,-89.64157038,0.975995402
2506153,38.61589565,-89.64156951,0.974295636
2506157,38.61589563,-89.64156864,0.972595871
2506161,38.61589562,-89.64156776,0.968928933
2506165,38.61589561,-89.64156716,0.965261996
2506169,38.6158956,-89.64156656,0.965491176
2506173,38.61589559,-89.64156596,0.965720356
2506177,38.61589557,-89.64156535,0.965949535
2506181,38.61589556,-89.64156475,0.965892255
2506185,38.61589555,-89.64156415,0.965834975
2506189,38.61589554,-89.64156354,0.967095474
2506193,38.61589553,-89.64156294,0.968355974
2506197,38.61589552,-89.64156234,0.969616473
2506201,38.61589551,-89.64156174,0.971936941
2506205,38.6158955,-89.64156113,0.97425741
2506209,38.61589549,-89.64156053,0.974238316
2506213,38.61589548,-89.64155993,0.974219223
2506217,38.61589546,-89.64155933,0.97420013
2506221,38.61589545,-89.64155873,0.972567201
2506225,38.61589544,-89.64155813,0.970934272
2506229,38.61589543,-89.64155753,0.968928913
2506233,38.61589542,-89.64155693,0.966923555
2506237,38.61589541,-89.64155632,0.964918196
2506241,38.6158954,-89.64155572,0.966207355
2506245,38.61589538,-89.64155512,0.967496514
2506249,38.61589537,-89.64155452,0.968050381
2506253,38.61589536,-89.64155392,0.968604247
2506257,38.61589535,-89.64155332,0.969158113
2506261,38.61589534,-89.64155272,0.969931603
2506265,38.61589533,-89.64155212,0.970705092
2506269,38.61589531,-89.64155147,0.971067965
2506273,38.6158953,-89.64155081,0.971430838
2506277,38.61589529,-89.64155016,0.971793711
2506281,38.61589528,-89.64154951,0.971478581
2506285,38.61589526,-89.64154885,0.971163452
2506289,38.61589525,-89.6415482,0.970953365
2506293,38.61589524,-89.64154755,0.970743279
2506297,38.61589522,-89.64154689,0.970533192
2506301,38.61589521,-89.64154624,0.971478581
2506305,38.6158952,-89.64154559,0.972423971
2506309,38.61589518,-89.64154493,0.970857879
2506313,38.61589517,-89.64154428,0.969291786
2506317,38.61589516,-89.64154362,0.967725694
2506321,38.61589515,-89.64154297,0.966379255
2506325,38.61589514,-89.64154231,0.965032816
2506329,38.61589513,-89.64154166,0.965452989
2506333,38.61589511,-89.64154101,0.965873162
2506337,38.6158951,-89.64154035,0.966293335
2506341,38.61589509,-89.6415397,0.964144737
2506345,38.61589508,-89.64153904,0.961996138
2506349,38.61589507,-89.64153839,0.962817371
2506353,38.61589506,-89.64153773,0.963638604
2506357,38.61589504,-89.64153708,0.964459837
2506361,38.61589503,-89.64153642,0.966092765
2506365,38.61589502,-89.64153582,0.967725694
2506369,38.61589501,-89.64153522,0.96954006
2506373,38.615895,-89.64153462,0.971354425
2506377,38.61589499,-89.64153401,0.97316879
2506381,38.61589498,-89.64153341,0.972767741
2506385,38.61589497,-89.64153281,0.972366691
2506389,38.61589496,-89.64153221,0.969864766
2506393,38.61589495,-89.6415316,0.967362841
2506397,38.61589494,-89.641531,0.964860916
2506401,38.61589493,-89.6415304,0.963829607
2506405,38.61589492,-89.6415298,0.962798297
2506409,38.61589491,-89.6415292,0.961499592
2506413,38.6158949,-89.64152859,0.960200886
2506417,38.61589489,-89.64152799,0.95890218
2506421,38.61589488,-89.64152739,0.95916
2506425,38.61589487,-89.64152678,0.95941782
2506429,38.61589486,-89.64152618,0.959780693
2506433,38.61589485,-89.64152557,0.960143566
2506437,38.61589484,-89.64152497,0.960506439
2506441,38.61589483,-89.64152437,0.95927459
2506445,38.61589482,-89.64152376,0.958042741
2506449,38.61589481,-89.64152316,0.957851748
2506453,38.61589481,-89.64152255,0.957660755
2506457,38.6158948,-89.64152195,0.957469761
2506461,38.61589479,-89.64152135,0.96019131
2506465,38.61589478,-89.64152074,0.962912858
2506469,38.61589476,-89.64152009,0.962206225
2506473,38.61589475,-89.64151944,0.961499592
2506477,38.61589474,-89.64151879,0.960792959
2506481,38.61589473,-89.64151814,0.95870164
2506485,38.61589472,-89.64151749,0.956610322
2506489,38.61589471,-89.64151683,0.95487235
2506493,38.6158947,-89.64151618,0.953134378
2506497,38.61589468,-89.64151553,0.951396406
2506501,38.61589467,-89.64151488,0.946297079
2506505,38.61589466,-89.64151423,0.941197753
2506509,38.61589465,-89.64151358,0.940472007
2506513,38.61589464,-89.64151293,0.939746261
2506517,38.61589463,-89.64151227,0.939020515
2506521,38.61589461,-89.64151162,0.941856653
2506525,38.6158946,-89.64151096,0.944692791
2506529,38.61589459,-89.64151031,0.946545363
2506533,38.61589458,-89.64150966,0.948397934
2506537,38.61589457,-89.641509,0.950250506
2506541,38.61589456,-89.64150835,0.952513695
2506545,38.61589454,-89.6415077,0.954776883
2506549,38.61589453,-89.64150704,0.955521723
2506553,38.61589452,-89.64150639,0.956266562
2506557,38.61589451,-89.64150574,0.957011402
2506561,38.6158945,-89.64150508,0.955435783
2506565,38.61589449,-89.64150448,0.953860164
2506569,38.61589447,-89.64150388,0.953000724
2506573,38.61589446,-89.64150328,0.952141285
2506577,38.61589445,-89.64150268,0.951281846
2506581,38.61589444,-89.64150208,0.948044628
2506585,38.61589443,-89.64150148,0.94480741
2506589,38.61589442,-89.64150087,0.943355918
2506593,38.6158944,-89.64150027,0.941904426
2506597,38.61589439,-89.64149967,0.940452933
2506601,38.61589438,-89.64149907,0.942085862
2506605,38.61589437,-89.64149847,0.943718791
2506609,38.61589436,-89.64149787,0.945514063
2506613,38.61589435,-89.64149727,0.947309335
2506617,38.61589433,-89.64149662,0.949104607
2506621,38.61589432,-89.64149597,0.950422406
2506625,38.61589431,-89.64149532,0.951740205
2506629,38.6158943,-89.64149467,0.952714225
2506633,38.61589428,-89.64149402,0.953688244
2506637,38.61589427,-89.64149337,0.954662263
2506641,38.61589426,-89.64149272,0.954347134
2506645,38.61589424,-89.64149207,0.954032004
2506649,38.61589423,-89.64149142,0.952007552
2506653,38.61589422,-89.64149077,0.9499831
2506657,38.6158942,-89.64149012,0.947958648
2506661,38.61589419,-89.64148947,0.944377661
2506665,38.61589418,-89.64148887,0.940796673
2506669,38.61589417,-89.64148826,0.937817295
2506673,38.61589417,-89.64148766,0.934837918
2506677,38.61589416,-89.64148706,0.93185854
2506681,38.61589415,-89.64148645,0.929595381
2506685,38.61589414,-89.64148585,0.927332223
2506689,38.61589413,-89.64148525,0.928344448
2506693,38.61589413,-89.64148465,0.929356674
2506697,38.61589412,-89.64148404,0.9303689
2506701,38.61589411,-89.64148344,0.935067147
2506705,38.6158941,-89.64148284,0.939765394
2506709,38.61589409,-89.64148223,0.941350579
2506713,38.61589409,-89.64148163,0.942935765
2506717,38.61589408,-89.64148098,0.94452095
2506721,38.61589406,-89.64148032,0.94466418
2506725,38.61589405,-89.64147967,0.94480741
2506729,38.61589404,-89.64147902,0.944100757
2506733,38.61589403,-89.64147837,0.943394105
2506737,38.61589402,-89.64147772,0.942687452
2506741,38.61589401,-89.64147706,0.940796703
2506745,38.615894,-89.64147641,0.938905954
2506749,38.61589399,-89.64147576,0.936518629
2506753,38.61589398,-89.64147511,0.934131304
2506757,38.61589397,-89.64147445,0.93174398
2506761,38.61589396,-89.6414738,0.928535402
2506765,38.61589395,-89.6414732,0.925326824
2506769,38.61589394,-89.64147259,0.925651511
2506773,38.61589393,-89.64147199,0.925976197
2506777,38.61589392,-89.64147138,0.926300883
2506781,38.61589391,-89.64147078,0.929681331
2506785,38.6158939,-89.64147018,0.933061779
2506789,38.61589389,-89.64146957,0.933634738
2506793,38.61589388,-89.64146897,0.934207698
2506797,38.61589387,-89.64146836,0.934780657
2506801,38.61589386,-89.64146776,0.935296327
2506805,38.61589385,-89.64146716,0.935811997
2506809,38.61589384,-89.64146655,0.937358975
2506813,38.61589383,-89.64146595,0.938905954
2506817,38.61589382,-89.64146535,0.940452933
2506821,38.61589381,-89.64146475,0.941856682
2506825,38.6158938,-89.64146415,0.943260431
2506829,38.61589379,-89.64146354,0.94077762
2506833,38.61589379,-89.64146294,0.938294808
2506837,38.61589378,-89.64146234,0.935811997
2506841,38.61589377,-89.64146174,0.932030469
2506845,38.61589376,-89.64146114,0.928248942
2506849,38.61589375,-89.64146054,0.926415463
2506853,38.61589374,-89.64145994,0.924581985
2506857,38.61589373,-89.64145934,0.922748506
2506861,38.61589372,-89.64145874,0.924152255
2506865,38.61589371,-89.64145814,0.925556004
2506869,38.6158937,-89.64145771,0.92633905
2506873,38.61589369,-89.64145727,0.927122096
2506877,38.61589369,-89.64145684,0.927905142
2506881,38.61589368,-89.64145641,0.93128559
2506885,38.61589367,-89.64145598,0.934666038
2506889,38.61589366,-89.64145554,0.935640077
2506893,38.61589365,-89.64145511,0.936614116
2506897,38.61589364,-89.64145468,0.937588155
2506901,38.61589363,-89.64145425,0.937874615
2506905,38.61589362,-89.64145381,0.938161075
2506909,38.61589361,-89.64145338,0.937569022
2506913,38.61589361,-89.64145295,0.936976969
2506917,38.6158936,-89.64145252,0.936384916
2506921,38.61589359,-89.64145209,0.934408218
2506925,38.61589358,-89.64145165,0.932431519
2506929,38.61589357,-89.64145122,0.93151478
2506933,38.61589356,-89.64145079,0.93059804
2506937,38.61589355,-89.64145036,0.929681301
2506941,38.61589353,-89.64144905,0.932173669
2506945,38.61589351,-89.64144775,0.934666038
2506949,38.6158935,-89.64144644,0.93669049
2506953,38.61589348,-89.64144514,0.938714941
2506957,38.61589346,-89.64144384,0.940739393
2506961,38.61589344,-89.64144253,0.943031222
2506965,38.61589343,-89.64144193,0.94532305
2506969,38.61589342,-89.64144133,0.94538035
2506973,38.61589341,-89.64144072,0.94543765
2506977,38.6158934,-89.64144012,0.94549495
2506981,38.61589339,-89.64143952,0.944320381
2506985,38.61589338,-89.64143892,0.943145812
2506989,38.61589337,-89.64143832,0.941904406
2506993,38.61589336,-89.64143771,0.940663
2506997,38.61589335,-89.64143711,0.939421594
2507001,38.61589334,-89.64143651,0.937731385
2507005,38.61589333,-89.64143591,0.936041176
2507009,38.61589333,-89.6414353,0.934589684
2507013,38.61589332,-89.6414347,0.933138192
2507017,38.61589331,-89.6414341,0.931686699
2507021,38.6158933,-89.6414335,0.929795921
2507025,38.61589329,-89.6414329,0.927905142
2507029,38.61589328,-89.6414323,0.929051062
2507033,38.61589327,-89.6414317,0.930196981
2507037,38.61589326,-89.6414311,0.9313429
2507041,38.61589325,-89.64143049,0.935668737
2507045,38.61589324,-89.64142989,0.939994574
2507049,38.61589323,-89.64142929,0.941331466
2507053,38.61589322,-89.64142869,0.942668359
2507057,38.61589321,-89.64142809,0.944005251
2507061,38.6158932,-89.64142749,0.947156519
2507065,38.61589319,-89.64142689,0.950307787
2507069,38.61589318,-89.64142629,0.949849427
2507073,38.61589317,-89.64142568,0.949391067
2507077,38.61589317,-89.64142508,0.948932707
2507081,38.61589316,-89.64142448,0.947357059
2507085,38.61589315,-89.64142388,0.94578141
2507089,38.61589314,-89.64142328,0.94566683
2507093,38.61589313,-89.64142268,0.94555225
2507097,38.61589312,-89.64142207,0.94543767
2507101,38.61589311,-89.64142147,0.94454959
2507105,38.6158931,-89.64142087,0.943661511
2507109,38.61589309,-89.64142027,0.944902917
2507113,38.61589308,-89.64141967,0.946144323
2507117,38.61589307,-89.64141907,0.947385728
2507121,38.61589306,-89.64141841,0.947471678
2507125,38.61589305,-89.64141776,0.947557628
2507129,38.61589304,-89.64141711,0.949181
2507133,38.61589302,-89.64141646,0.950804373
2507137,38.61589301,-89.6414158,0.952427745
2507141,38.615893,-89.64141515,0.953487724
2507145,38.61589299,-89.6414145,0.954547703
2507149,38.61589298,-89.64141385,0.955120663
2507153,38.61589297,-89.64141319,0.955693622
2507157,38.61589296,-89.64141254,0.956266582
2507161,38.61589295,-89.64141189,0.956438452
2507165,38.61589294,-89.64141124,0.956610322
2507169,38.61589293,-89.64141059,0.956323842
2507173,38.61589292,-89.64140993,0.956037362
2507177,38.61589291,-89.64140928,0.955750883
2507181,38.61589289,-89.64140863,0.954490393
2507185,38.61589288,-89.64140798,0.953229904
2507189,38.61589287,-89.64140732,0.951969385
2507193,38.61589286,-89.64140667,0.950708866
2507197,38.61589285,-89.64140602,0.949448347
2507201,38.61589284,-89.64140537,0.948302448
2507205,38.61589283,-89.64140472,0.947156549
2507209,38.61589282,-89.64140406,0.94975396
2507213,38.61589281,-89.64140341,0.952351371
2507217,38.6158928,-89.64140276,0.954948783
2507221,38.61589278,-89.64140211,0.955922812
2507225,38.61589277,-89.64140146,0.956896842
2507229,38.61589276,-89.64140081,0.958195547
2507233,38.61589275,-89.64140016,0.959494253
2507237,38.61589273,-89.64139951,0.960792959
2507241,38.61589272,-89.64139886,0.962053448
2507245,38.61589271,-89.64139821,0.963313937
2507249,38.6158927,-89.64139756,0.96367681
2507253,38.61589268,-89.64139691,0.964039683
2507257,38.61589267,-89.64139625,0.964402556
2507261,38.61589266,-89.6413956,0.964660376
2507265,38.61589265,-89.641395,0.964918196
2507269,38.61589264,-89.6413944,0.965567549
2507273,38.61589263,-89.6413938,0.966216902
2507277,38.61589262,-89.6413932,0.966866255
2507281,38.61589261,-89.6413926,0.968126774
2507285,38.6158926,-89.641392,0.969387293
2507289,38.61589259,-89.64139139,0.970991572
2507293,38.61589258,-89.64139079,0.972595851
2507297,38.61589257,-89.64139019,0.97420013
2507301,38.61589256,-89.64138959,0.975603879
2507305,38.61589255,-89.64138899,0.977007628
2507309,38.61589254,-89.64138839,0.97788616
2507313,38.61589252,-89.64138779,0.978764693
2507317,38.61589251,-89.64138714,0.979643226
2507321,38.6158925,-89.64138649,0.982192904
2507325,38.61589249,-89.64138583,0.984742582
2507329,38.61589248,-89.64138518,0.986556947
2507333,38.61589247,-89.64138453,0.988371313
2507337,38.61589246,-89.64138388,0.990185678
2507341,38.61589245,-89.64138323,0.98712036
2507345,38.61589244,-89.64138258,0.984055042
2507349,38.61589243,-89.64138193,0.983539363
2507353,38.61589242,-89.64138128,0.983023683
2507357,38.6158924,-89.64138063,0.982508004
2507361,38.61589239,-89.64137998,0.979585946
2507365,38.61589238,-89.64137938,0.976663888
2507369,38.61589237,-89.64137878,0.976797561
2507373,38.61589236,-89.64137818,0.976931234
2507377,38.61589235,-89.64137758,0.977064908
2507381,38.61589234,-89.64137698,0.979872406
2507385,38.61589232,-89.64137638,0.982679904
2507389,38.61589231,-89.64137578,0.988161206
2507393,38.6158923,-89.64137518,0.993642509
2507397,38.61589229,-89.64137458,0.999123812
2507401,38.61589228,-89.64137398,1.0015589
2507405,38.61589227,-89.64137338,1.003993988
2507409,38.61589225,-89.64137278,1.006113927
2507413,38.61589224,-89.64137219,1.008233865
2507417,38.61589223,-89.64137154,1.010353804
2507421,38.61589222,-89.64137089,1.007832766
2507425,38.6158922,-89.64137024,1.005311728
2507429,38.61589219,-89.64136959,1.003707449
2507433,38.61589218,-89.64136894,1.00210317
2507437,38.61589216,-89.64136829,1.000498891
2507441,38.61589215,-89.64136764,0.998207063
2507445,38.61589214,-89.64136699,0.995915234
2507449,38.61589212,-89.64136635,0.995819747
2507453,38.61589211,-89.6413657,0.995724261
2507457,38.6158921,-89.64136505,0.995628774
2507461,38.61589208,-89.6413644,0.997175753
2507465,38.61589207,-89.6413638,0.998722732
2507469,38.61589206,-89.6413632,1.000976364
2507473,38.61589205,-89.64136259,1.003229996
2507477,38.61589204,-89.64136199,1.005483627
2507481,38.61589203,-89.64136139,1.011929393
2507485,38.61589202,-89.64136079,1.018375158
2507489,38.61589201,-89.64136019,1.019673864
2507493,38.615892,-89.64135959,1.02097257
2507497,38.61589199,-89.64135898,1.022271276
2507501,38.61589198,-89.64135838,1.022299945
2507505,38.61589196,-89.64135778,1.022328615
2507509,38.61589195,-89.64135718,1.019291917
2507513,38.61589194,-89.64135658,1.01625522
2507517,38.61589193,-89.64135598,1.013218522
2507521,38.61589192,-89.64135538,1.007116556
2507525,38.61589191,-89.64135478,1.00101459
2507529,38.6158919,-89.64135418,0.998951932
2507533,38.61589189,-89.64135358,0.996889273
2507537,38.61589188,-89.64135298,0.994826615
2507541,38.61589187,-89.64135238,0.992219657
2507545,38.61589186,-89.64135178,0.989612699
2507549,38.61589185,-89.64135118,0.989211639
2507553,38.61589184,-89.64135058,0.988810579
2507557,38.61589183,-89.64134998,0.988409519
2507561,38.61589182,-89.64134938,0.990386218
2507565,38.61589181,-89.64134878,0.992362917
2507569,38.6158918,-89.64134813,0.995399594
2507573,38.61589179,-89.64134747,0.998436272
2507577,38.61589178,-89.64134682,1.00147295
2507581,38.61589178,-89.64134616,1.003191829
2507585,38.61589177,-89.64134551,1.004910707
2507589,38.61589176,-89.64134486,1.003631075
2507593,38.61589175,-89.6413442,1.002351443
2507597,38.61589174,-89.64134355,1.001071811
2507601,38.61589174,-89.64134289,0.999152422
2507605,38.61589173,-89.64134224,0.997233033
2507609,38.61589172,-89.64134159,0.993948082
2507613,38.61589171,-89.64134093,0.990663131
2507617,38.6158917,-89.64134028,0.98737818
2507621,38.61589169,-89.64133963,0.986776561
2507625,38.61589168,-89.64133898,0.986174941
2507629,38.61589166,-89.64133833,0.986385028
2507633,38.61589165,-89.64133768,0.986595114
2507637,38.61589164,-89.64133703,0.986805201
2507641,38.61589163,-89.64133638,0.988810569
2507645,38.61589162,-89.64133573,0.990815938
2507649,38.6158916,-89.64133508,0.992133737
2507653,38.61589159,-89.64133443,0.993451536
2507657,38.61589158,-89.64133378,0.994769335
2507661,38.61589157,-89.64133313,0.994912565
2507665,38.61589155,-89.64133258,0.995055795
2507669,38.61589154,-89.64133202,0.99784418
2507673,38.61589153,-89.64133146,1.000632564
2507677,38.61589152,-89.64133091,1.003420949
2507681,38.61589151,-89.64133035,1.005082548
2507685,38.61589149,-89.64132979,1.006744146
2507689,38.61589148,-89.64132924,1.005884727
2507693,38.61589147,-89.64132868,1.005025307
2507697,38.61589146,-89.64132813,1.004165888
2507701,38.61589145,-89.64132757,1.00135836
2507705,38.61589143,-89.64132701,0.998550832
2507709,38.61589142,-89.64132646,0.995304068
2507713,38.61589141,-89.6413259,0.992057304
2507717,38.6158914,-89.64132534,0.988810539
2507721,38.61589139,-89.64132469,0.990300238
2507725,38.61589137,-89.64132404,0.991789937
2507729,38.61589136,-89.64132339,0.995590568
2507733,38.61589135,-89.64132274,0.999391198
2507737,38.61589134,-89.6413221,1.003191829
2507741,38.61589133,-89.64132145,1.006314456
2507745,38.61589131,-89.6413208,1.009437084
2507749,38.6158913,-89.64132015,1.010640264
2507753,38.61589129,-89.6413195,1.011843443
2507757,38.61589128,-89.64131885,1.013046622
2507761,38.61589127,-89.6413182,1.014278531
2507765,38.61589125,-89.64131755,1.01551044
2507769,38.61589124,-89.6413169,1.015816013
2507773,38.61589123,-89.64131625,1.016121586
2507777,38.61589122,-89.64131559,1.016427159
2507781,38.61589121,-89.64131494,1.016197979
2507785,38.6158912,-89.64131429,1.0159688
2507789,38.61589119,-89.64131364,1.014708281
2507793,38.61589117,-89.64131299,1.013447762
2507797,38.61589116,-89.64131234,1.012187243
2507801,38.61589115,-89.64131169,1.013046682
2507805,38.61589114,-89.64131104,1.013906121
2507809,38.61589113,-89.64131039,1.015663187
2507813,38.61589112,-89.64130974,1.017420252
2507817,38.6158911,-89.64130909,1.019177318
2507821,38.61589109,-89.64130844,1.019234598
2507825,38.61589108,-89.64130779,1.019291878
2507829,38.61589107,-89.64130714,1.019750277
2507833,38.61589105,-89.6413065,1.020208677
2507837,38.61589104,-89.64130585,1.020667076
2507841,38.61589103,-89.6413052,1.022185385
2507845,38.61589101,-89.64130455,1.023703694
2507849,38.615891,-89.6413039,1.022729675
2507853,38.61589099,-89.64130325,1.021755656
2507857,38.61589097,-89.64130261,1.020781636
2507861,38.61589096,-89.64130196,1.020380557
2507865,38.61589095,-89.64130136,1.019979477
2507869,38.61589094,-89.64130076,1.019597491
2507873,38.61589092,-89.64130016,1.019215504
2507877,38.61589091,-89.64129956,1.018833518
2507881,38.6158909,-89.64129895,1.017372489
2507885,38.61589089,-89.64129835,1.01591146
2507889,38.61589088,-89.64129775,1.014364481
2507893,38.61589087,-89.64129715,1.012817502
2507897,38.61589085,-89.64129655,1.011270523
2507901,38.61589084,-89.64129595,1.010210574
2507905,38.61589083,-89.64129535,1.009150624
2507909,38.61589082,-89.64129475,1.010869463
2507913,38.61589081,-89.64129415,1.012588302
2507917,38.6158908,-89.6412935,1.014307141
2507921,38.61589078,-89.64129285,1.015195251
2507925,38.61589077,-89.6412922,1.01608336
2507929,38.61589076,-89.64129155,1.016809106
2507933,38.61589074,-89.6412909,1.017534852
2507937,38.61589073,-89.64129025,1.018260598
2507941,38.61589072,-89.6412896,1.019492447
2507945,38.6158907,-89.64128895,1.020724297
2507949,38.61589069,-89.6412883,1.018833558
2507953,38.61589068,-89.64128765,1.016942819
2507957,38.61589066,-89.64128701,1.01505208
2507961,38.61589065,-89.64128636,1.014020741
2507965,38.61589064,-89.6412858,1.012989402
2507969,38.61589063,-89.64128525,1.012149056
2507973,38.61589062,-89.64128469,1.01130871
2507977,38.61589061,-89.64128413,1.010468364
2507981,38.6158906,-89.64128358,1.012301803
2507985,38.61589059,-89.64128302,1.014135242
2507989,38.61589058,-89.64128247,1.014937401
2507993,38.61589057,-89.64128191,1.01573956
2507997,38.61589056,-89.64128136,1.016541719
2508001,38.61589055,-89.6412808,1.017200649
2508005,38.61589054,-89.64128025,1.017859578
2508009,38.61589053,-89.64127969,1.018585324
2508013,38.61589052,-89.64127913,1.01931107
2508017,38.61589051,-89.64127858,1.020036817
2508021,38.6158905,-89.64127793,1.018231988
2508025,38.61589049,-89.64127728,1.016427159
2508029,38.61589048,-89.64127663,1.0155104
2508033,38.61589047,-89.64127598,1.014593641
2508037,38.61589046,-89.64127534,1.013676882
2508041,38.61589045,-89.64127469,1.013447702
2508045,38.61589043,-89.64127404,1.013218522
2508049,38.61589042,-89.64127339,1.01193893
2508053,38.61589041,-89.64127274,1.010659337
2508057,38.6158904,-89.64127209,1.009379745
2508061,38.61589039,-89.64127144,1.010296464
2508065,38.61589038,-89.64127079,1.011213183
2508069,38.61589036,-89.64127015,1.011977156
2508073,38.61589035,-89.6412695,1.012741129
2508077,38.61589034,-89.64126885,1.013505101
2508081,38.61589032,-89.6412682,1.0157969
2508085,38.61589031,-89.64126755,1.018088698
2508089,38.6158903,-89.6412669,1.019903064
2508093,38.61589028,-89.64126626,1.021717429
2508097,38.61589027,-89.64126561,1.023531795
2508101,38.61589025,-89.64126496,1.024190724
2508105,38.61589024,-89.64126431,1.024849653
2508109,38.61589023,-89.64126366,1.02448678
2508113,38.61589021,-89.64126301,1.024123907
2508117,38.6158902,-89.64126237,1.023761034
2508121,38.61589019,-89.64126172,1.025078833
2508125,38.61589017,-89.64126107,1.026396632
2508129,38.61589016,-89.64126042,1.025728186
2508133,38.61589015,-89.64125978,1.02505974
2508137,38.61589014,-89.64125913,1.024391294
2508141,38.61589012,-89.64125848,1.023875594
2508145,38.61589011,-89.64125783,1.023359895
2508149,38.6158901,-89.64125719,1.0249451
2508153,38.61589008,-89.64125654,1.026530306
2508157,38.61589007,-89.64125589,1.028115511
2508161,38.61589006,-89.64125524,1.031381369
2508165,38.61589005,-89.64125465,1.034647226
2508169,38.61589003,-89.64125405,1.036003232
2508173,38.61589002,-89.64125345,1.037359238
2508177,38.61589001,-89.64125285,1.038715243
2508181,38.61589,-89.64125225,1.041092992
2508185,38.61588999,-89.64125165,1.04347074
2508189,38.61588997,-89.64125105,1.042305708
2508193,38.61588996,-89.64125046,1.041140676
2508197,38.61588995,-89.64124986,1.039975643
2508201,38.61588994,-89.64124926,1.042439401
2508205,38.61588993,-89.64124866,1.044903159
2508209,38.61588992,-89.64124806,1.04329888
2508213,38.6158899,-89.64124746,1.041694601
2508217,38.61588989,-89.64124686,1.040090322
2508221,38.61588988,-89.64124626,1.038657904
2508225,38.61588987,-89.64124567,1.037225485
2508229,38.61588986,-89.64124507,1.036767125
2508233,38.61588984,-89.64124447,1.036308765
2508237,38.61588983,-89.64124387,1.035850406
2508241,38.61588982,-89.64124327,1.037769794
2508245,38.61588981,-89.64124267,1.039689183
2508249,38.6158898,-89.64124207,1.041159789
2508253,38.61588978,-89.64124147,1.042630394
2508257,38.61588977,-89.64124088,1.044101
2508261,38.61588976,-89.64124028,1.048799276
2508265,38.61588975,-89.64123968,1.053497553
2508269,38.61588974,-89.64123925,1.053612113
2508273,38.61588973,-89.64123882,1.053726673
2508277,38.61588972,-89.64123838,1.053841233
2508281,38.61588971,-89.64123795,1.052666664
2508285,38.6158897,-89.64123752,1.051492095
2508289,38.61588969,-89.64123709,1.048436324
2508293,38.61588968,-89.64123666,1.045380553
2508297,38.61588967,-89.64123623,1.042324781
2508301,38.61588967,-89.6412358,1.039861083
2508305,38.61588966,-89.64123537,1.037397385
2508309,38.61588965,-89.64123493,1.036919912
2508313,38.61588964,-89.6412345,1.036442439
2508317,38.61588963,-89.64123407,1.035964966
2508321,38.61588962,-89.64123364,1.036767125
2508325,38.61588961,-89.64123321,1.037569284
2508329,38.6158896,-89.64123278,1.038104057
2508333,38.61588959,-89.64123235,1.03863883
2508337,38.61588958,-89.64123191,1.039173603
2508341,38.61588957,-89.6412308,1.042582691
2508345,38.61588955,-89.64122969,1.045991778
2508349,38.61588953,-89.64122858,1.044998646
2508353,38.61588951,-89.64122747,1.044005513
2508357,38.61588949,-89.64122635,1.043012381
2508361,38.61588947,-89.64122524,1.04358536
2508365,38.61588945,-89.64122413,1.04415834
2508369,38.61588944,-89.64122348,1.043260694
2508373,38.61588943,-89.64122283,1.042363048
2508377,38.61588942,-89.64122218,1.041465402
2508381,38.6158894,-89.64122153,1.040548682
2508385,38.61588939,-89.64122089,1.039631963
2508389,38.61588938,-89.64122024,1.03915449
2508393,38.61588937,-89.64121959,1.038677017
2508397,38.61588936,-89.64121894,1.038199544
2508401,38.61588935,-89.64121829,1.035535276
2508405,38.61588933,-89.64121764,1.032871008
2508409,38.61588932,-89.64121699,1.032374461
2508413,38.61588931,-89.64121634,1.031877915
2508417,38.6158893,-89.6412157,1.031381369
2508421,38.61588929,-89.64121505,1.032985628
2508425,38.61588928,-89.6412144,1.034589887
2508429,38.61588927,-89.64121375,1.036499739
2508433,38.61588926,-89.64121311,1.038409591
2508437,38.61588925,-89.64121246,1.040319443
2508441,38.61588924,-89.64121181,1.041408062
2508445,38.61588923,-89.64121116,1.042496681
2508449,38.61588922,-89.64121052,1.042172035
2508453,38.61588921,-89.64120987,1.041847388
2508457,38.6158892,-89.64120922,1.041522741
2508461,38.61588919,-89.64120858,1.040663302
2508465,38.61588917,-89.64120802,1.039803863
2508469,38.61588916,-89.64120746,1.040090322
2508473,38.61588915,-89.64120691,1.040376782
2508477,38.61588914,-89.64120635,1.040663242
2508481,38.61588913,-89.64120579,1.039517343
2508485,38.61588912,-89.64120524,1.038371444
2508489,38.61588911,-89.64120468,1.039861123
2508493,38.6158891,-89.64120413,1.041350802
2508497,38.61588908,-89.64120357,1.042840481
2508501,38.61588907,-89.64120301,1.045189619
2508505,38.61588906,-89.64120246,1.047538757
2508509,38.61588905,-89.6412019,1.048149904
2508513,38.61588904,-89.64120134,1.04876105
2508517,38.61588903,-89.64120079,1.049372196
2508521,38.61588901,-89.64120014,1.049630046
2508525,38.615889,-89.64119949,1.049887896
2508529,38.61588899,-89.64119883,1.051778634
2508533,38.61588898,-89.64119818,1.053669373
2508537,38.61588896,-89.64119753,1.055560112
2508541,38.61588895,-89.64119688,1.053669393
2508545,38.61588894,-89.64119623,1.051778674
2508549,38.61588892,-89.64119558,1.050651828
2508553,38.61588891,-89.64119493,1.049524983
2508557,38.6158889,-89.64119428,1.048398137
2508561,38.61588888,-89.64119363,1.046965778
2508565,38.61588887,-89.64119298,1.045533419
2508569,38.61588886,-89.64119233,1.044559399
2508573,38.61588885,-89.64119169,1.04358538
2508577,38.61588884,-89.64119104,1.042611361
2508581,38.61588882,-89.64119039,1.041723251
2508585,38.61588881,-89.64118975,1.040835142
2508589,38.6158888,-89.6411891,1.04324158
2508593,38.61588879,-89.64118846,1.045648019
2508597,38.61588878,-89.64118781,1.048054457
2508601,38.61588877,-89.64118717,1.053067803
2508605,38.61588876,-89.64118652,1.05808115
2508609,38.61588875,-89.64118588,1.058921496
2508613,38.61588873,-89.64118523,1.059761842
2508617,38.61588872,-89.64118458,1.060602188
2508621,38.61588871,-89.64118394,1.060774088
2508625,38.6158887,-89.64118329,1.060945988
2508629,38.61588868,-89.64118264,1.058558663
2508633,38.61588867,-89.64118199,1.056171338
2508637,38.61588866,-89.64118135,1.053784013
2508641,38.61588865,-89.6411807,1.050861895
2508645,38.61588863,-89.64118005,1.047939777
2508649,38.61588862,-89.64117941,1.046526512
2508653,38.61588861,-89.64117876,1.045113246
2508657,38.61588859,-89.64117811,1.04369998
2508661,38.61588858,-89.64117746,1.044845879
2508665,38.61588857,-89.64117691,1.045991778
2508669,38.61588856,-89.64117635,1.048264503
2508673,38.61588855,-89.64117579,1.050537229
2508677,38.61588854,-89.64117524,1.052809954
2508681,38.61588853,-89.64117468,1.055646122
2508685,38.61588852,-89.64117413,1.058482289
2508689,38.61588851,-89.64117357,1.060182055
2508693,38.6158885,-89.64117301,1.06188182
2508697,38.61588849,-89.64117246,1.063581586
2508701,38.61588848,-89.6411719,1.063495636
2508705,38.61588847,-89.64117134,1.063409686
2508709,38.61588846,-89.64117079,1.064307332
2508713,38.61588845,-89.64117023,1.065204978
2508717,38.61588844,-89.64116967,1.066102624
2508721,38.61588843,-89.64116896,1.061604857
2508725,38.61588842,-89.64116826,1.057107091
2508729,38.61588841,-89.64116755,1.055445512
2508733,38.6158884,-89.64116684,1.053783933
2508737,38.61588838,-89.64116613,1.052122355
2508741,38.61588837,-89.64116542,1.047681928
2508745,38.61588836,-89.64116471,1.043241501
2508749,38.61588835,-89.64116401,1.043489814
2508753,38.61588834,-89.6411633,1.043738127
2508757,38.61588832,-89.64116259,1.04398644
2508761,38.61588831,-89.64116188,1.045046389
2508765,38.6158883,-89.64116128,1.046106339
2508769,38.61588829,-89.64116069,1.04824539
2508773,38.61588828,-89.64116009,1.050384442
2508777,38.61588827,-89.64115949,1.052523494
2508781,38.61588826,-89.6411589,1.056190431
2508785,38.61588825,-89.6411583,1.059857368
2508789,38.61588823,-89.6411577,1.060506701
2508793,38.61588822,-89.64115711,1.061156034
2508797,38.61588821,-89.64115651,1.061805367
2508801,38.6158882,-89.64115591,1.056505501
2508805,38.61588819,-89.64115532,1.051205635
2508809,38.61588818,-89.64115472,1.04876101
2508813,38.61588817,-89.64115412,1.046316385
2508817,38.61588816,-89.64115352,1.04387176
2508821,38.61588814,-89.64115293,1.040519953
2508825,38.61588813,-89.64115233,1.037168145
2508829,38.61588812,-89.64115173,1.036022266
2508833,38.61588811,-89.64115113,1.034876386
2508837,38.6158881,-89.64115053,1.033730507
2508841,38.61588809,-89.64114993,1.036394715
2508845,38.61588808,-89.64114933,1.039058924
2508849,38.61588807,-89.64114874,1.03984197
2508853,38.61588806,-89.64114814,1.040625016
2508857,38.61588805,-89.64114754,1.041408062
2508861,38.61588804,-89.64114694,1.041006982
2508865,38.61588802,-89.64114634,1.040605903
2508869,38.61588801,-89.64114574,1.041828235
2508873,38.615888,-89.64114515,1.043050567
2508877,38.61588799,-89.64114455,1.0442729
2508881,38.61588798,-89.64114395,1.042668581
2508885,38.61588797,-89.64114335,1.041064262
2508889,38.61588796,-89.64114275,1.040701389
2508893,38.61588794,-89.64114216,1.040338516
2508897,38.61588793,-89.64114156,1.039975643
2508901,38.61588792,-89.64114096,1.039316773
2508905,38.61588791,-89.64114036,1.038657904
2508909,38.6158879,-89.64113977,1.035812219
2508913,38.61588789,-89.64113917,1.032966534
2508917,38.61588788,-89.64113857,1.03012085
2508921,38.61588786,-89.64113792,1.030521929
2508925,38.61588785,-89.64113727,1.030923009
2508929,38.61588784,-89.64113662,1.032259901
2508933,38.61588783,-89.64113597,1.033596794
2508937,38.61588782,-89.64113533,1.034933686
2508941,38.61588781,-89.64113468,1.037855744
2508945,38.6158878,-89.64113403,1.040777802
2508949,38.61588779,-89.64113338,1.042993267
2508953,38.61588778,-89.64113273,1.045208732
2508957,38.61588776,-89.64113208,1.047424197
2508961,38.61588775,-89.64113143,1.048713326
2508965,38.61588774,-89.64113078,1.050002456
2508969,38.61588773,-89.64113013,1.049983342
2508973,38.61588772,-89.64112948,1.049964229
2508977,38.61588771,-89.64112884,1.049945116
2508981,38.6158877,-89.64112819,1.051377535
2508985,38.61588769,-89.64112754,1.052809954
2508989,38.61588768,-89.64112689,1.053440213
2508993,38.61588767,-89.64112624,1.054070473
2508997,38.61588766,-89.64112559,1.054700732
2509001,38.61588765,-89.64112494,1.055789351
2509005,38.61588764,-89.64112429,1.056877971
2509009,38.61588763,-89.64112365,1.057374517
2509013,38.61588762,-89.641123,1.057871064
2509017,38.6158876,-89.6411224,1.05836761
2509021,38.61588759,-89.6411218,1.062808037
2509025,38.61588758,-89.6411212,1.067248464
2509029,38.61588757,-89.6411206,1.06745855
2509033,38.61588756,-89.64112001,1.067668637
2509037,38.61588755,-89.64111941,1.067878723
2509041,38.61588754,-89.64111881,1.070113242
2509045,38.61588753,-89.64111821,1.07234776
2509049,38.61588752,-89.64111761,1.071908514
2509053,38.61588751,-89.64111702,1.071469267
2509057,38.61588749,-89.64111642,1.071030021
2509061,38.61588748,-89.64111582,1.070027351
2509065,38.61588747,-89.64111522,1.069024682
2509069,38.61588746,-89.64111458,1.068680882
2509073,38.61588745,-89.64111393,1.068337083
2509077,38.61588744,-89.64111329,1.067993283
2509081,38.61588743,-89.64111264,1.065873384
2509085,38.61588741,-89.64111199,1.063753486
2509089,38.6158874,-89.64111135,1.063085039
2509093,38.61588739,-89.6411107,1.062416593
2509097,38.61588738,-89.64111006,1.061748147
2509101,38.61588737,-89.64110941,1.060573578
2509105,38.61588735,-89.64110877,1.059399009
2509109,38.61588734,-89.64110812,1.059800069
2509113,38.61588733,-89.64110747,1.060201128
2509117,38.61588732,-89.64110687,1.060602188
2509121,38.61588731,-89.64110628,1.061805367
2509125,38.6158873,-89.64110568,1.063008547
2509129,38.61588729,-89.64110508,1.064249992
2509133,38.61588728,-89.64110448,1.065491438
2509137,38.61588727,-89.64110388,1.066732883
2509141,38.61588726,-89.64110328,1.066417754
2509145,38.61588725,-89.64110268,1.066102624
2509149,38.61588724,-89.64110208,1.065033078
2509153,38.61588723,-89.64110148,1.063963532
2509157,38.61588722,-89.64110088,1.062893987
2509161,38.6158872,-89.64110028,1.059656799
2509165,38.61588719,-89.64109968,1.056419611
2509169,38.61588718,-89.64109903,1.054356972
2509173,38.61588717,-89.64109838,1.052294334
2509177,38.61588716,-89.64109773,1.050231695
2509181,38.61588715,-89.64109708,1.048770607
2509185,38.61588714,-89.64109643,1.047309518
2509189,38.61588713,-89.64109578,1.046908458
2509193,38.61588712,-89.64109513,1.046507398
2509197,38.61588711,-89.64109448,1.046106339
2509201,38.61588709,-89.64109383,1.046392798
2509205,38.61588708,-89.64109319,1.046679258
2509209,38.61588707,-89.64109254,1.047748804
2509213,38.61588706,-89.64109189,1.04881835
2509217,38.61588705,-89.64109124,1.049887896
2509221,38.61588704,-89.64109059,1.050919235
2509225,38.61588703,-89.64108994,1.051950574
2509229,38.61588702,-89.64108929,1.051855048
2509233,38.61588701,-89.64108864,1.051759521
2509237,38.615887,-89.64108799,1.051663995
2509241,38.61588699,-89.64108734,1.047252238
2509245,38.61588699,-89.64108669,1.042840481
2509249,38.61588698,-89.64108604,1.040090283
2509253,38.61588697,-89.6410854,1.037340085
2509257,38.61588696,-89.64108475,1.034589887
2509261,38.61588695,-89.6410841,1.03017813
2509265,38.61588694,-89.64108369,1.025766373
2509269,38.61588693,-89.64108328,1.024677753
2509273,38.61588692,-89.64108286,1.023589134
2509277,38.61588692,-89.64108245,1.022500515
2509281,38.61588691,-89.64108204,1.022299945
2509285,38.6158869,-89.64108163,1.022099376
2509289,38.61588689,-89.64108122,1.023951968
2509293,38.61588688,-89.64108081,1.025804559
2509297,38.61588688,-89.6410804,1.027657151
2509301,38.61588687,-89.64107999,1.027170122
2509305,38.61588686,-89.64107958,1.026683092
2509309,38.61588685,-89.64107917,1.025919159
2509313,38.61588684,-89.64107876,1.025155226
2509317,38.61588684,-89.64107835,1.024391294
2509321,38.61588683,-89.64107794,1.022815645
2509325,38.61588682,-89.64107753,1.021239996
2509329,38.61588681,-89.64107712,1.021793842
2509333,38.6158868,-89.64107671,1.022347689
2509337,38.61588679,-89.6410763,1.022901535
2509341,38.61588677,-89.641075,1.023789644
2509345,38.61588676,-89.6410737,1.024677753
2509349,38.61588674,-89.6410724,1.024467667
2509353,38.61588672,-89.6410711,1.02425758
2509357,38.6158867,-89.6410698,1.024047494
2509361,38.61588668,-89.6410685,1.024878263
2509365,38.61588667,-89.6410679,1.025709033
2509369,38.61588665,-89.6410673,1.026052793
2509373,38.61588664,-89.6410667,1.026396553
2509377,38.61588663,-89.64106611,1.026740313
2509381,38.61588662,-89.64106551,1.028974891
2509385,38.61588661,-89.64106491,1.031209469
2509389,38.6158866,-89.64106431,1.031152169
2509393,38.61588659,-89.64106371,1.031094869
2509397,38.61588658,-89.64106311,1.031037569
2509401,38.61588657,-89.64106252,1.031553209
2509405,38.61588656,-89.64106192,1.032068849
2509409,38.61588655,-89.64106132,1.032298048
2509413,38.61588654,-89.64106072,1.032527248
2509417,38.61588653,-89.64106007,1.032756448
2509421,38.61588652,-89.64105942,1.028831661
2509425,38.61588651,-89.64105877,1.024906874
2509429,38.6158865,-89.64105812,1.022615035
2509433,38.61588649,-89.64105747,1.020323197
2509437,38.61588648,-89.64105682,1.018031359
2509441,38.61588647,-89.64105617,1.017315209
2509445,38.61588646,-89.64105552,1.016599059
2509449,38.61588645,-89.64105487,1.01522394
2509453,38.61588644,-89.64105422,1.013848821
2509457,38.61588643,-89.64105356,1.012473702
2509461,38.61588641,-89.64105291,1.011872113
2509465,38.61588641,-89.64105243,1.011270523
2509469,38.6158864,-89.64105194,1.012282729
2509473,38.61588639,-89.64105145,1.013294935
2509477,38.61588639,-89.64105096,1.014307141
2509481,38.61588638,-89.64105047,1.01582551
2509485,38.61588637,-89.64104999,1.017343879
2509489,38.61588637,-89.6410495,1.015147527
2509493,38.61588636,-89.64104901,1.012951175
2509497,38.61588635,-89.64104852,1.010754824
2509501,38.61588634,-89.64104803,1.007517636
2509505,38.61588634,-89.64104755,1.004280448
2509509,38.61588633,-89.64104706,1.003115416
2509513,38.61588632,-89.64104657,1.001950383
2509517,38.61588632,-89.64104608,1.000785351
2509521,38.61588631,-89.64104559,0.997605443
2509525,38.6158863,-89.64104511,0.994425535
2509529,38.61588629,-89.64104433,0.995151281
2509533,38.61588627,-89.64104355,0.995877028
2509537,38.61588626,-89.64104277,0.996602774
2509541,38.61588625,-89.641042,0.996001184
2509545,38.61588623,-89.64104122,0.995399594
2509549,38.61588622,-89.64104044,0.995323201
2509553,38.61588621,-89.64103966,0.995246808
2509557,38.61588619,-89.64103888,0.995170414
2509561,38.61588618,-89.64103811,0.995227695
2509565,38.61588616,-89.64103733,0.995284975
2509569,38.61588615,-89.64103668,0.996430894
2509573,38.61588614,-89.64103603,0.997576813
2509577,38.61588613,-89.64103538,0.998722732
2509581,38.61588612,-89.64103472,0.997949243
2509585,38.61588611,-89.64103407,0.997175753
2509589,38.6158861,-89.64103342,0.995533268
2509593,38.61588609,-89.64103277,0.993890782
2509597,38.61588608,-89.64103212,0.992248297
2509601,38.61588607,-89.64103147,0.989698649
2509605,38.61588606,-89.64103082,0.987149
2509609,38.61588604,-89.64103017,0.987015307
2509613,38.61588603,-89.64102952,0.986881614
2509617,38.61588602,-89.64102887,0.986747921
2509621,38.61588601,-89.64102822,0.98703441
2509625,38.615886,-89.64102757,0.9873209
2509629,38.61588598,-89.64102692,0.98818032
2509633,38.61588597,-89.64102628,0.989039739
2509637,38.61588596,-89.64102563,0.989899159
2509641,38.61588595,-89.64102498,0.993537456
2509645,38.61588593,-89.64102433,0.997175753
2509649,38.61588592,-89.64102368,0.999620358
2509653,38.61588591,-89.64102303,1.002064963
2509657,38.6158859,-89.64102238,1.004509568
2509661,38.61588589,-89.64102173,1.006572247
2509665,38.61588588,-89.64102117,1.008634925
2509669,38.61588587,-89.64102062,1.009246071
2509673,38.61588586,-89.64102006,1.009857217
2509677,38.61588585,-89.6410195,1.010468364
2509681,38.61588584,-89.64101894,1.010411084
2509685,38.61588583,-89.64101838,1.010353804
2509689,38.61588582,-89.64101782,1.01142331
2509693,38.61588581,-89.64101726,1.012492816
2509697,38.6158858,-89.6410167,1.013562322
2509701,38.6158858,-89.64101615,1.013676941
2509705,38.61588579,-89.64101559,1.013791561
2509709,38.61588578,-89.64101503,1.017038306
2509713,38.61588577,-89.64101447,1.02028505
2509717,38.61588576,-89.64101391,1.023531795
2509721,38.61588574,-89.6410132,1.025050163
2509725,38.61588573,-89.64101249,1.026568532
2509729,38.61588572,-89.64101179,1.027714451
2509733,38.6158857,-89.64101108,1.02886037
2509737,38.61588569,-89.64101037,1.030006289
2509741,38.61588567,-89.64100966,1.034561276
2509745,38.61588566,-89.64100896,1.039116263
2509749,38.61588564,-89.64100825,1.03984201
2509753,38.61588563,-89.64100754,1.040567756
2509757,38.61588562,-89.64100683,1.041293502
2509761,38.6158856,-89.64100612,1.042181611
2509765,38.61588559,-89.64100552,1.04306972
2509769,38.61588558,-89.64100492,1.042324861
2509773,38.61588557,-89.64100432,1.041580002
2509777,38.61588556,-89.64100372,1.040835142
2509781,38.61588555,-89.64100312,1.038113594
2509785,38.61588554,-89.64100251,1.035392046
2509789,38.61588553,-89.64100191,1.034513513
2509793,38.61588552,-89.64100131,1.033634981
2509797,38.61588551,-89.64100071,1.032756448
2509801,38.6158855,-89.64100011,1.031954288
2509805,38.61588549,-89.6409995,1.031152129
2509809,38.61588548,-89.6409989,1.035143733
2509813,38.61588547,-89.6409983,1.039135337
2509817,38.61588546,-89.64099765,1.043126941
2509821,38.61588545,-89.640997,1.048913836
2509825,38.61588543,-89.64099635,1.054700732
2509829,38.61588542,-89.6409957,1.058463136
2509833,38.61588541,-89.64099505,1.06222554
2509837,38.6158854,-89.6409944,1.065987945
2509841,38.61588538,-89.64099375,1.066962004
2509845,38.61588537,-89.6409931,1.067936063
2509849,38.61588536,-89.64099245,1.065529625
2509853,38.61588534,-89.6409918,1.063123186
2509857,38.61588533,-89.64099115,1.060716748
2509861,38.61588532,-89.6409905,1.059542179
2509865,38.61588531,-89.64098994,1.05836761
2509869,38.6158853,-89.64098938,1.056553245
2509873,38.61588529,-89.64098882,1.054738879
2509877,38.61588528,-89.64098826,1.052924514
2509881,38.61588527,-89.6409877,1.051578104
2509885,38.61588526,-89.64098715,1.050231695
2509889,38.61588525,-89.64098659,1.053707639
2509893,38.61588524,-89.64098603,1.057183584
2509897,38.61588523,-89.64098547,1.060659528
2509901,38.61588522,-89.64098491,1.064727485
2509905,38.61588521,-89.64098435,1.068795443
2509909,38.6158852,-89.64098379,1.071316481
2509913,38.61588519,-89.64098323,1.073837519
2509917,38.61588518,-89.64098267,1.076358557
2509921,38.61588517,-89.64098202,1.079968154
2509925,38.61588515,-89.64098137,1.083577752
2509929,38.61588514,-89.64098072,1.085659504
2509933,38.61588513,-89.64098007,1.087741256
2509937,38.61588512,-89.64097942,1.089823008
2509941,38.6158851,-89.64097877,1.08589828
2509945,38.61588509,-89.64097812,1.081973553
2509949,38.61588508,-89.64097747,1.080063661
2509953,38.61588507,-89.64097682,1.078153769
2509957,38.61588505,-89.64097617,1.076243877
2509961,38.61588504,-89.64097552,1.073751509
2509965,38.61588503,-89.64097487,1.071259141
2509969,38.61588501,-89.64097422,1.07234776
2509973,38.615885,-89.64097357,1.073436379
2509977,38.61588499,-89.64097292,1.074524999
2509981,38.61588498,-89.64097227,1.077447116
2509985,38.61588496,-89.64097162,1.080369234
2509989,38.61588495,-89.64097097,1.084399025
2509993,38.61588494,-89.64097032,1.088428815
2509997,38.61588493,-89.64096967,1.092458606
2510001,38.61588491,-89.64096902,1.096841753
2510005,38.6158849,-89.64096837,1.101224899
2510009,38.61588489,-89.64096772,1.102657278
2510013,38.61588488,-89.64096707,1.104089657
2510017,38.61588487,-89.64096647,1.105522037
2510021,38.61588486,-89.64096587,1.104805827
2510025,38.61588484,-89.64096527,1.104089618
2510029,38.61588483,-89.64096467,1.103153825
2510033,38.61588482,-89.64096407,1.102218032
2510037,38.61588481,-89.64096347,1.101282239
2510041,38.6158848,-89.64096287,1.10016495
2510045,38.61588479,-89.64096227,1.099047661
2510049,38.61588478,-89.64096167,1.098818461
2510053,38.61588477,-89.64096107,1.098589261
2510057,38.61588476,-89.64096047,1.098360062
2510061,38.61588475,-89.64095987,1.101138949
2510065,38.61588474,-89.64095927,1.103917837
2510069,38.61588472,-89.64095862,1.10514013
2510073,38.61588471,-89.64095797,1.106362422
2510077,38.6158847,-89.64095731,1.107584715
2510081,38.61588468,-89.64095666,1.109532773
2510085,38.61588467,-89.64095601,1.111480832
2510089,38.61588466,-89.64095536,1.113257011
2510093,38.61588464,-89.6409547,1.115033189
2510097,38.61588463,-89.64095405,1.116809368
2510101,38.61588462,-89.6409534,1.117296338
2510105,38.6158846,-89.64095275,1.117783308
2510109,38.61588459,-89.6409521,1.117267648
2510113,38.61588458,-89.64095144,1.116751989
2510117,38.61588457,-89.64095079,1.116236329
2510121,38.61588456,-89.64095014,1.115520179
2510125,38.61588455,-89.64094948,1.114804029
2510129,38.61588454,-89.64094883,1.11388727
2510133,38.61588453,-89.64094817,1.112970511
2510137,38.61588452,-89.64094752,1.112053752
2510141,38.61588451,-89.64094687,1.111137033
2510145,38.6158845,-89.64094621,1.110220313
2510149,38.6158845,-89.64094556,1.111595432
2510153,38.61588449,-89.6409449,1.112970551
2510157,38.61588448,-89.64094425,1.11434567
2510161,38.61588447,-89.6409436,1.117067218
2510165,38.61588445,-89.640943,1.119788766
2510169,38.61588444,-89.6409424,1.121679505
2510173,38.61588443,-89.6409418,1.123570244
2510177,38.61588442,-89.6409412,1.125460982
2510181,38.6158844,-89.64094059,1.124830723
2510185,38.61588439,-89.64093999,1.124200463
2510189,38.61588438,-89.64093939,1.123799404
2510193,38.61588436,-89.64093879,1.123398344
2510197,38.61588435,-89.64093819,1.122997284
2510201,38.61588434,-89.64093759,1.118556857
2510205,38.61588433,-89.64093699,1.11411643
2510209,38.61588431,-89.64093639,1.114020944
2510213,38.6158843,-89.64093579,1.113925457
2510217,38.61588429,-89.64093514,1.11382997
2510221,38.61588428,-89.64093448,1.113142431
2510225,38.61588427,-89.64093383,1.112454891
2510229,38.61588426,-89.64093317,1.113753597
2510233,38.61588425,-89.64093252,1.115052303
2510237,38.61588424,-89.64093187,1.116351008
2510241,38.61588423,-89.64093121,1.117124498
2510245,38.61588423,-89.64093056,1.117897987
2510249,38.61588422,-89.6409299,1.117649714
2510253,38.61588421,-89.64092925,1.117401441
2510257,38.6158842,-89.64092859,1.117153168
2510261,38.61588419,-89.64092794,1.115520239
2510265,38.61588418,-89.64092753,1.11388731
2510269,38.61588417,-89.64092712,1.11354351
2510273,38.61588417,-89.6409267,1.113199711
2510277,38.61588416,-89.64092629,1.112855911
2510281,38.61588415,-89.64092588,1.112025142
2510285,38.61588415,-89.64092547,1.111194372
2510289,38.61588414,-89.64092506,1.110525926
2510293,38.61588413,-89.64092465,1.10985748
2510297,38.61588413,-89.64092424,1.109189034
2510301,38.61588412,-89.64092383,1.106295586
2510305,38.61588411,-89.64092342,1.103402138
2510309,38.61588411,-89.64092301,1.102771878
2510313,38.6158841,-89.64092259,1.102141619
2510317,38.61588409,-89.64092218,1.101511359
2510321,38.61588409,-89.64092177,1.101396799
2510325,38.61588408,-89.64092136,1.101282239
2510329,38.61588407,-89.64092095,1.10410881
2510333,38.61588407,-89.64092054,1.106935382
2510337,38.61588406,-89.64092013,1.109761953
2510341,38.61588404,-89.64091901,1.111222982
2510345,38.61588402,-89.64091789,1.112684011
2510349,38.615884,-89.64091678,1.112989585
2510353,38.61588398,-89.64091566,1.113295158
2510357,38.61588396,-89.64091454,1.113600731
2510361,38.61588394,-89.64091343,1.111652672
2510365,38.61588392,-89.64091231,1.109704614
2510369,38.61588391,-89.6409116,1.108081261
2510373,38.61588389,-89.64091089,1.106457909
2510377,38.61588388,-89.64091018,1.104834557
2510381,38.61588387,-89.64090947,1.102857828
2510385,38.61588386,-89.64090876,1.1008811
2510389,38.61588385,-89.64090805,1.101625959
2510393,38.61588384,-89.64090734,1.102370818
2510397,38.61588383,-89.64090662,1.103115678
2510401,38.61588381,-89.64090591,1.101769209
2510405,38.6158838,-89.6409052,1.10042274
2510409,38.61588379,-89.64090449,1.1008811
2510413,38.61588378,-89.64090394,1.101339459
2510417,38.61588377,-89.64090338,1.101797819
2510421,38.61588376,-89.64090282,1.10068059
2510425,38.61588375,-89.64090227,1.09956336
2510429,38.61588374,-89.64090171,1.098073641
2510433,38.61588373,-89.64090115,1.096583923
2510437,38.61588372,-89.6409006,1.095094204
2510441,38.61588371,-89.64090004,1.092831016
2510445,38.6158837,-89.64089948,1.090567827
2510449,38.61588369,-89.64089892,1.088237802
2510453,38.61588368,-89.64089837,1.085907777
2510457,38.61588367,-89.64089781,1.083577752
2510461,38.61588366,-89.64089725,1.080311894
2510465,38.61588365,-89.6408967,1.077046037
2510469,38.61588364,-89.64089605,1.0725197
2510473,38.61588363,-89.64089539,1.067993363
2510477,38.61588362,-89.64089474,1.063467026
2510481,38.61588361,-89.64089409,1.060544908
2510485,38.6158836,-89.64089344,1.05762279
2510489,38.61588359,-89.64089279,1.057011644
2510493,38.61588358,-89.64089214,1.056400498
2510497,38.61588356,-89.64089148,1.055789351
2510501,38.61588355,-89.64089083,1.057164431
2510505,38.61588354,-89.64089018,1.05853951
2510509,38.61588353,-89.64088953,1.059322556
2510513,38.61588352,-89.64088888,1.060105602
2510517,38.61588351,-89.64088823,1.060888648
2510521,38.6158835,-89.64088757,1.060802698
2510525,38.61588349,-89.64088692,1.060716748
2510529,38.61588348,-89.64088627,1.059761842
2510533,38.61588347,-89.64088562,1.058806936
2510537,38.61588346,-89.64088496,1.05785203
2510541,38.61588345,-89.64088431,1.056792021
2510545,38.61588344,-89.64088366,1.055732012
2510549,38.61588343,-89.64088301,1.054013133
2510553,38.61588342,-89.64088235,1.052294254
2510557,38.61588341,-89.6408817,1.050575376
2510561,38.6158834,-89.64088105,1.047968447
2510565,38.61588339,-89.64088044,1.045361519
2510569,38.61588338,-89.64087984,1.045361519
2510573,38.61588337,-89.64087924,1.045361519
2510577,38.61588336,-89.64087863,1.045361519
2510581,38.61588335,-89.64087803,1.047080398
2510585,38.61588334,-89.64087742,1.048799276
2510589,38.61588333,-89.64087682,1.050728242
2510593,38.61588332,-89.64087621,1.052657207
2510597,38.61588331,-89.64087561,1.054586172
2510601,38.6158833,-89.64087501,1.059341669
2510605,38.61588329,-89.6408744,1.064097166
2510609,38.61588328,-89.6408738,1.066522717
2510613,38.61588327,-89.64087319,1.068948269
2510617,38.61588326,-89.64087254,1.07137382
2510621,38.61588324,-89.64087189,1.069912732
2510625,38.61588323,-89.64087123,1.068451643
2510629,38.61588322,-89.64087058,1.066255331
2510633,38.61588321,-89.64086993,1.064059019
2510637,38.6158832,-89.64086927,1.061862707
2510641,38.61588318,-89.64086862,1.060487568
2510645,38.61588317,-89.64086797,1.05911243
2510649,38.61588316,-89.64086731,1.058119337
2510653,38.61588315,-89.64086666,1.057126244
2510657,38.61588313,-89.64086601,1.056133151
2510661,38.61588312,-89.64086535,1.060573578
2510665,38.61588311,-89.64086475,1.065014005
2510669,38.6158831,-89.64086415,1.069253882
2510673,38.61588309,-89.64086355,1.073493759
2510677,38.61588307,-89.64086295,1.077733636
2510681,38.61588306,-89.64086235,1.08624202
2510685,38.61588305,-89.64086174,1.094750404
2510689,38.61588304,-89.64086114,1.097691615
2510693,38.61588303,-89.64086054,1.100632826
2510697,38.61588302,-89.64085994,1.103574038
2510701,38.615883,-89.64085934,1.105436146
2510705,38.61588299,-89.64085874,1.107298255
2510709,38.61588298,-89.64085814,1.106687109
2510713,38.61588297,-89.64085753,1.106075962
2510717,38.61588296,-89.64085693,1.105464816
2510721,38.61588295,-89.64085632,1.106095076
2510725,38.61588294,-89.64085572,1.106725335
2510729,38.61588293,-89.64085511,1.108004928
2510733,38.61588292,-89.6408545,1.10928452
2510737,38.61588291,-89.6408539,1.110564113
2510741,38.61588289,-89.64085329,1.11428833
2510745,38.61588288,-89.64085268,1.118012547
2510749,38.61588287,-89.64085208,1.119731426
2510753,38.61588286,-89.64085147,1.121450305
2510757,38.61588285,-89.64085087,1.123169184
2510761,38.61588284,-89.64085026,1.129614949
2510765,38.61588283,-89.64084965,1.136060715
2510769,38.61588282,-89.640849,1.13798968
2510773,38.61588281,-89.64084835,1.139918645
2510777,38.61588279,-89.64084769,1.14184761
2510781,38.61588278,-89.64084704,1.144196749
2510785,38.61588277,-89.64084638,1.146545887
2510789,38.61588275,-89.64084573,1.146068414
2510793,38.61588274,-89.64084507,1.145590941
2510797,38.61588273,-89.64084442,1.145113468
2510801,38.61588271,-89.64084377,1.143938899
2510805,38.6158827,-89.64084311,1.14276433
2510809,38.61588269,-89.64084246,1.140739878
2510813,38.61588267,-89.6408418,1.138715426
2510817,38.61588267,-89.6408412,1.136690974
2510821,38.61588266,-89.6408406,1.137149334
2510825,38.61588265,-89.64083999,1.137607694
2510829,38.61588264,-89.64083939,1.138180653
2510833,38.61588263,-89.64083879,1.138753613
2510837,38.61588262,-89.64083819,1.139326572
2510841,38.61588261,-89.64083758,1.14256376
2510845,38.6158826,-89.64083698,1.145800948
2510849,38.61588259,-89.64083638,1.14730974
2510853,38.61588258,-89.64083577,1.148818533
2510857,38.61588257,-89.64083517,1.150327325
2510861,38.61588256,-89.64083457,1.152848363
2510865,38.61588255,-89.64083396,1.155369401
2510869,38.61588254,-89.64083331,1.156190634
2510873,38.61588252,-89.64083266,1.157011867
2510877,38.61588251,-89.64083201,1.157833099
2510881,38.6158825,-89.64083136,1.157718539
2510885,38.61588248,-89.6408307,1.157603979
2510889,38.61588247,-89.64083005,1.155923287
2510893,38.61588245,-89.6408294,1.154242595
2510897,38.61588244,-89.64082875,1.152561903
2510901,38.61588243,-89.64082809,1.150040865
2510905,38.61588241,-89.64082744,1.147519827
2510909,38.6158824,-89.64082679,1.146736821
2510913,38.61588239,-89.64082614,1.145953814
2510917,38.61588238,-89.64082578,1.145170808
2510921,38.61588237,-89.64082543,1.146775067
2510925,38.61588237,-89.64082507,1.148379326
2510929,38.61588236,-89.64082472,1.149697105
2510933,38.61588236,-89.64082436,1.151014884
2510937,38.61588235,-89.64082401,1.152332664
2510941,38.61588234,-89.64082365,1.153908312
2510945,38.61588234,-89.6408233,1.155483961
2510949,38.61588233,-89.64082294,1.158673445
2510953,38.61588233,-89.64082259,1.16186293
2510957,38.61588232,-89.64082223,1.165052414
2510961,38.61588231,-89.64082188,1.163018405
2510965,38.61588231,-89.64082152,1.160984397
2510969,38.6158823,-89.64082117,1.159494718
2510973,38.6158823,-89.64082081,1.158005039
2510977,38.61588229,-89.64082045,1.15651536
2510981,38.61588228,-89.6408201,1.149754405
2510985,38.61588228,-89.64081974,1.14299345
2510989,38.61588227,-89.64081939,1.140357852
2510993,38.61588227,-89.64081903,1.137722254
2510997,38.61588226,-89.64081868,1.135086656
2511001,38.61588225,-89.64081832,1.134456396
2511005,38.61588223,-89.64081676,1.133826137
2511009,38.6158822,-89.64081519,1.135850588
2511013,38.61588217,-89.64081363,1.13787504
2511017,38.61588214,-89.64081206,1.139899492
2511021,38.61588211,-89.6408105,1.14327997
2511025,38.6158821,-89.64080979,1.146660447
2511029,38.61588208,-89.64080908,1.148092826
2511033,38.61588207,-89.64080836,1.149525205
2511037,38.61588206,-89.64080765,1.150957584
2511041,38.61588204,-89.64080694,1.151215434
2511045,38.61588203,-89.64080623,1.151473284
2511049,38.61588202,-89.64080552,1.150059978
2511053,38.61588201,-89.6408048,1.148646673
2511057,38.61588199,-89.64080409,1.147233367
2511061,38.61588198,-89.64080338,1.145743668
2511065,38.61588197,-89.64080267,1.144253969
2511069,38.61588196,-89.64080202,1.142840703
2511073,38.61588194,-89.64080136,1.141427437
2511077,38.61588193,-89.64080071,1.140014172
2511081,38.61588192,-89.64080006,1.140042782
2511085,38.61588191,-89.6407994,1.140071392
2511089,38.6158819,-89.64079875,1.139364759
2511093,38.61588189,-89.6407981,1.138658126
2511097,38.61588188,-89.64079745,1.137951493
2511101,38.61588186,-89.64079679,1.138266623
2511105,38.61588185,-89.64079614,1.138581753
2511109,38.61588184,-89.64079549,1.141121864
2511113,38.61588183,-89.64079483,1.143661976
2511117,38.61588182,-89.64079423,1.146202087
2511121,38.61588181,-89.64079362,1.149238765
2511125,38.6158818,-89.64079301,1.152275443
2511129,38.61588179,-89.64079241,1.15179797
2511133,38.61588178,-89.6407918,1.151320497
2511137,38.61588177,-89.6407912,1.150843024
2511141,38.61588176,-89.64079059,1.150699794
2511145,38.61588175,-89.64078998,1.150556564
2511149,38.61588174,-89.64078938,1.148150126
2511153,38.61588173,-89.64078877,1.145743688
2511157,38.61588172,-89.64078816,1.14333725
2511161,38.61588171,-89.64078756,1.140758932
2511165,38.6158817,-89.64078695,1.138180614
2511169,38.61588168,-89.64078629,1.138982773
2511173,38.61588167,-89.64078564,1.139784932
2511177,38.61588166,-89.64078498,1.140587091
2511181,38.61588165,-89.64078433,1.143709719
2511185,38.61588163,-89.64078367,1.146832347
2511189,38.61588162,-89.64078301,1.148780386
2511193,38.61588161,-89.64078236,1.150728424
2511197,38.6158816,-89.6407817,1.152676463
2511201,38.61588158,-89.64078105,1.155426681
2511205,38.61588157,-89.64078039,1.158176899
2511209,38.61588156,-89.64077973,1.160124938
2511213,38.61588155,-89.64077908,1.162072976
2511217,38.61588153,-89.64077842,1.164021015
2511221,38.61588152,-89.64077776,1.163419425
2511225,38.61588151,-89.64077711,1.162817836
2511229,38.6158815,-89.64077645,1.162665049
2511233,38.61588149,-89.64077579,1.162512263
2511237,38.61588148,-89.64077514,1.162359476
2511241,38.61588147,-89.64077448,1.162789226
2511245,38.61588145,-89.64077382,1.163218975
2511249,38.61588144,-89.64077317,1.164040208
2511253,38.61588143,-89.64077251,1.164861441
2511257,38.61588142,-89.64077185,1.165682673
2511261,38.61588141,-89.6407712,1.168604732
2511265,38.6158814,-89.64077059,1.17152679
2511269,38.61588139,-89.64076999,1.172233462
2511273,38.61588137,-89.64076938,1.172940135
2511277,38.61588136,-89.64076878,1.173646808
2511281,38.61588135,-89.64076817,1.174305677
2511285,38.61588134,-89.64076757,1.174964547
2511289,38.61588133,-89.64076697,1.17618684
2511293,38.61588132,-89.64076636,1.177409132
2511297,38.6158813,-89.64076576,1.178631425
2511301,38.61588129,-89.64076515,1.178058505
2511305,38.61588128,-89.64076455,1.177485585
2511309,38.61588127,-89.64076394,1.176492453
2511313,38.61588126,-89.64076334,1.17549932
2511317,38.61588125,-89.64076273,1.174506187
2511321,38.61588124,-89.64076213,1.173675418
2511325,38.61588123,-89.64076153,1.172844648
2511329,38.61588122,-89.64076092,1.171717803
2511333,38.61588121,-89.64076032,1.170590957
2511337,38.6158812,-89.64075972,1.169464111
2511341,38.61588119,-89.64075911,1.167573392
2511345,38.61588118,-89.64075851,1.165682673
2511349,38.61588117,-89.6407579,1.166427493
2511353,38.61588116,-89.6407573,1.167172313
2511357,38.61588115,-89.6407567,1.167917132
2511361,38.61588114,-89.64075609,1.17138356
2511365,38.61588113,-89.64075549,1.174849987
2511369,38.61588112,-89.64075484,1.174620787
2511373,38.6158811,-89.64075418,1.174391588
2511377,38.61588109,-89.64075353,1.174162388
2511381,38.61588108,-89.64075287,1.173446178
2511385,38.61588107,-89.64075222,1.172729969
2511389,38.61588106,-89.64075157,1.171851436
2511393,38.61588105,-89.64075091,1.170972904
2511397,38.61588104,-89.64075026,1.170094371
2511401,38.61588103,-89.6407496,1.168919802
2511405,38.61588101,-89.64074895,1.167745233
2511409,38.615881,-89.6407483,1.167134086
2511413,38.61588099,-89.64074764,1.16652294
2511417,38.61588098,-89.64074699,1.165911794
2511421,38.61588097,-89.64074633,1.166312873
2511425,38.61588095,-89.64074568,1.166713953
2511429,38.61588094,-89.64074503,1.166790366
2511433,38.61588093,-89.64074437,1.166866779
2511437,38.61588092,-89.64074372,1.166943192
2511441,38.61588091,-89.64074307,1.17055279
2511445,38.61588089,-89.64074241,1.174162388
2511449,38.61588088,-89.64074176,1.17515552
2511453,38.61588087,-89.6407411,1.176148653
2511457,38.61588086,-89.64074045,1.177141786
2511461,38.61588084,-89.6407398,1.176654756
2511465,38.61588083,-89.64073919,1.176167727
2511469,38.61588082,-89.64073859,1.17572848
2511473,38.61588081,-89.64073799,1.175289234
2511477,38.61588079,-89.64073739,1.174849987
2511481,38.61588078,-89.64073679,1.17141223
2511485,38.61588077,-89.64073618,1.167974472
2511489,38.61588075,-89.64073558,1.167363326
2511493,38.61588074,-89.64073498,1.166752179
2511497,38.61588073,-89.64073438,1.166141033
2511501,38.61588072,-89.64073377,1.165711284
2511505,38.6158807,-89.64073317,1.165281534
2511509,38.61588069,-89.64073257,1.166542053
2511513,38.61588068,-89.64073197,1.167802572
2511517,38.61588067,-89.64073136,1.169063091
2511521,38.61588066,-89.64073076,1.168432832
2511525,38.61588065,-89.64073016,1.167802572
2511529,38.61588064,-89.64072955,1.169177691
2511533,38.61588063,-89.64072895,1.17055281
2511537,38.61588062,-89.64072834,1.171927929
2511541,38.61588061,-89.64072774,1.174277008
2511545,38.6158806,-89.64072714,1.176626086
2511549,38.61588059,-89.64072653,1.177027186
2511553,38.61588058,-89.64072593,1.177428285
2511557,38.61588057,-89.64072532,1.177829385
2511561,38.61588055,-89.64072472,1.178287745
2511565,38.61588054,-89.64072412,1.178746104
2511569,38.61588053,-89.64072346,1.179681937
2511573,38.61588052,-89.64072281,1.18061777
2511577,38.61588051,-89.64072215,1.181553602
2511581,38.61588049,-89.6407215,1.182126522
2511585,38.61588048,-89.64072085,1.182699442
2511589,38.61588047,-89.64072019,1.182145596
2511593,38.61588046,-89.64071954,1.181591749
2511597,38.61588044,-89.64071888,1.181037903
2511601,38.61588043,-89.64071823,1.181668162
2511605,38.61588042,-89.64071758,1.182298422
2511609,38.6158804,-89.64071692,1.182737668
2511613,38.61588039,-89.64071627,1.183176915
2511617,38.61588038,-89.64071567,1.183616161
2511621,38.61588037,-89.64071506,1.1848194
2511625,38.61588035,-89.64071446,1.186022639
2511629,38.61588034,-89.64071386,1.187875191
2511633,38.61588033,-89.64071325,1.189727743
2511637,38.61588031,-89.64071265,1.191580296
2511641,38.6158803,-89.64071205,1.193642974
2511645,38.61588029,-89.64071144,1.195705652
2511649,38.61588027,-89.64071084,1.196068525
2511653,38.61588026,-89.64071024,1.196431398
2511657,38.61588025,-89.64070963,1.196794271
2511661,38.61588023,-89.64070903,1.194215953
2511665,38.61588022,-89.64070843,1.191637635
2511669,38.61588021,-89.64070777,1.190797289
2511673,38.61588019,-89.64070711,1.189956943
2511677,38.61588018,-89.64070646,1.189116597
2511681,38.61588017,-89.6407058,1.188113928
2511685,38.61588016,-89.64070514,1.187111259
2511689,38.61588015,-89.64070449,1.188295364
2511693,38.61588013,-89.64070383,1.18947947
2511697,38.61588012,-89.64070317,1.190663576
2511701,38.61588011,-89.64070252,1.194473743
2511705,38.6158801,-89.64070186,1.198283911
2511709,38.61588008,-89.6407012,1.201186895
2511713,38.61588007,-89.64070055,1.20408988
2511717,38.61588006,-89.64069994,1.206992865
2511721,38.61588005,-89.64069933,1.209399283
2511725,38.61588004,-89.64069873,1.211805701
2511729,38.61588003,-89.64069812,1.21289432
2511733,38.61588002,-89.64069752,1.21398294
2511737,38.61588001,-89.64069691,1.215071559
2511741,38.61588,-89.64069631,1.215644538
2511745,38.61587999,-89.6406957,1.216217518
2511749,38.61587998,-89.6406951,1.214479526
2511753,38.61587997,-89.64069449,1.212741534
2511757,38.61587996,-89.64069388,1.211003542
2511761,38.61587995,-89.64069328,1.211089492
2511765,38.61587994,-89.64069267,1.211175442
2511769,38.61587992,-89.64069202,1.212053974
2511773,38.61587991,-89.64069136,1.212932507
2511777,38.6158799,-89.64069071,1.21381104
2511781,38.61587988,-89.64069005,1.214384019
2511785,38.61587987,-89.64068939,1.214956999
2511789,38.61587985,-89.64068874,1.215529958
2511793,38.61587984,-89.64068808,1.216102918
2511797,38.61587983,-89.64068743,1.216675878
2511801,38.61587981,-89.64068677,1.220858455
2511805,38.6158798,-89.64068612,1.225041032
2511809,38.61587979,-89.64068546,1.225518505
2511813,38.61587977,-89.6406848,1.225995978
2511817,38.61587976,-89.64068415,1.226473451
2511821,38.61587975,-89.6406835,1.226015091
2511825,38.61587974,-89.64068284,1.225556731
2511829,38.61587973,-89.64068219,1.224296212
2511833,38.61587972,-89.64068154,1.223035693
2511837,38.61587971,-89.64068088,1.221775174
2511841,38.61587969,-89.64068023,1.216790438
2511845,38.61587968,-89.64067957,1.211805701
2511849,38.61587967,-89.64067892,1.210888982
2511853,38.61587966,-89.64067827,1.209972262
2511857,38.61587965,-89.64067761,1.209055543
2511861,38.61587964,-89.64067696,1.209342003
2511865,38.61587962,-89.64067635,1.209628463
2511869,38.61587961,-89.64067575,1.211309155
2511873,38.61587959,-89.64067514,1.212989847
2511877,38.61587958,-89.64067454,1.214670539
2511881,38.61587957,-89.64067393,1.217363417
2511885,38.61587955,-89.64067333,1.220056295
2511889,38.61587954,-89.64067272,1.221832474
2511893,38.61587952,-89.64067212,1.223608653
2511897,38.61587951,-89.64067151,1.225384831
2511901,38.61587949,-89.64067091,1.224009752
2511905,38.61587948,-89.6406703,1.222634673
2511909,38.61587946,-89.6406697,1.222023527
2511913,38.61587945,-89.64066909,1.221412381
2511917,38.61587944,-89.64066849,1.220801234
2511921,38.61587943,-89.64066788,1.219168305
2511925,38.61587942,-89.64066728,1.217535377
2511929,38.61587941,-89.64066667,1.215167125
2511933,38.6158794,-89.64066607,1.212798874
2511937,38.61587939,-89.64066546,1.210430622
2511941,38.61587937,-89.64066486,1.210000932
2511945,38.61587936,-89.64066426,1.209571242
2511949,38.61587935,-89.64066365,1.210602562
2511953,38.61587934,-89.64066305,1.211633881
2511957,38.61587933,-89.64066244,1.2126652
2511961,38.61587932,-89.64066184,1.215128899
2511965,38.61587931,-89.64066123,1.217592597
2511969,38.6158793,-89.64066063,1.218853116
2511973,38.61587929,-89.64066002,1.220113635
2511977,38.61587928,-89.64065942,1.221374154
2511981,38.61587927,-89.64065882,1.220514715
2511985,38.61587926,-89.64065821,1.219655275
2511989,38.61587925,-89.64065761,1.219044129
2511993,38.61587924,-89.64065701,1.218432983
2511997,38.61587923,-89.6406564,1.217821836
2512001,38.61587922,-89.6406558,1.215730548
2512005,38.61587921,-89.6406552,1.213639259
2512009,38.6158792,-89.64065459,1.211614807
2512013,38.61587919,-89.64065399,1.209590356
2512017,38.61587918,-89.64065339,1.207565904
2512021,38.61587917,-89.64065273,1.205560505
2512025,38.61587915,-89.64065207,1.203555107
2512029,38.61587914,-89.64065142,1.203841607
2512033,38.61587913,-89.64065076,1.204128106
2512037,38.61587911,-89.6406501,1.204414606
2512041,38.6158791,-89.64064945,1.208769083
2512045,38.61587908,-89.64064879,1.21312356
2512049,38.61587907,-89.64064813,1.214517752
2512053,38.61587906,-89.64064748,1.215911945
2512057,38.61587904,-89.64064682,1.217306137
2512061,38.61587903,-89.64064616,1.220944405
2512065,38.61587901,-89.64064551,1.224582672
2512069,38.615879,-89.64064485,1.224391699
2512073,38.61587899,-89.6406442,1.224200726
2512077,38.61587898,-89.64064355,1.224009752
2512081,38.61587897,-89.64064289,1.222749233
2512085,38.61587896,-89.64064224,1.221488714
2512089,38.61587895,-89.64064159,1.221183141
2512093,38.61587894,-89.64064093,1.220877568
2512097,38.61587892,-89.64064028,1.220571995
2512101,38.61587891,-89.64063963,1.221460104
2512105,38.6158789,-89.64063897,1.222348213
2512109,38.61587889,-89.64063832,1.223608692
2512113,38.61587888,-89.64063767,1.224869172
2512117,38.61587887,-89.64063706,1.226129651
2512121,38.61587885,-89.64063646,1.230999827
2512125,38.61587884,-89.64063585,1.235870004
2512129,38.61587882,-89.64063525,1.238009016
2512133,38.61587881,-89.64063464,1.240148028
2512137,38.6158788,-89.64063404,1.24228704
2512141,38.61587878,-89.64063343,1.243031919
2512145,38.61587877,-89.64063283,1.243776798
2512149,38.61587875,-89.64063222,1.245151877
2512153,38.61587874,-89.64063162,1.246526957
2512157,38.61587873,-89.64063101,1.247902036
2512161,38.61587871,-89.64063041,1.250107944
2512165,38.6158787,-89.6406298,1.252313852
2512169,38.61587869,-89.64062914,1.252867699
2512173,38.61587868,-89.64062849,1.253421545
2512177,38.61587866,-89.64062783,1.253975391
2512181,38.61587865,-89.64062718,1.253832161
2512185,38.61587864,-89.64062652,1.253688931
2512189,38.61587863,-89.64062587,1.252963185
2512193,38.61587862,-89.64062521,1.252237439
2512197,38.61587861,-89.64062455,1.251511693
2512201,38.6158786,-89.6406239,1.253345191
2512205,38.61587859,-89.64062324,1.25517869
2512209,38.61587857,-89.64062259,1.257012129
2512213,38.61587856,-89.64062193,1.258845568
2512217,38.61587855,-89.64062128,1.260679007
2512221,38.61587854,-89.64062062,1.266036153
2512225,38.61587852,-89.64061996,1.271393299
2512229,38.61587851,-89.64061931,1.273264964
2512233,38.6158785,-89.64061865,1.27513663
2512237,38.61587848,-89.640618,1.277008295
2512241,38.61587847,-89.64061734,1.280016363
2512245,38.61587846,-89.64061668,1.28302443
2512249,38.61587845,-89.64061603,1.282642444
2512253,38.61587843,-89.64061537,1.282260458
2512257,38.61587842,-89.64061472,1.281878471
2512261,38.61587841,-89.64061406,1.279615283
2512265,38.61587839,-89.64061346,1.277352095
2512269,38.61587838,-89.64061285,1.277829568
2512273,38.61587837,-89.64061225,1.278307041
2512277,38.61587836,-89.64061165,1.278784513
2512281,38.61587834,-89.64061104,1.279586673
2512285,38.61587833,-89.64061044,1.280388832
2512289,38.61587832,-89.64060984,1.282222271
2512293,38.61587831,-89.64060923,1.28405571
2512297,38.6158783,-89.64060863,1.285889149
2512301,38.61587828,-89.64060802,1.286949158
2512305,38.61587827,-89.64060742,1.288009167
2512309,38.61587826,-89.64060682,1.289346059
2512313,38.61587825,-89.64060621,1.290682952
2512317,38.61587823,-89.64060561,1.292019844
2512321,38.61587822,-89.64060501,1.295257032
2512325,38.61587821,-89.6406044,1.29849422
2512329,38.6158782,-89.6406038,1.300346812
2512333,38.61587819,-89.6406032,1.302199403
2512337,38.61587818,-89.64060259,1.304051995
2512341,38.61587817,-89.64060199,1.304825485
2512345,38.61587816,-89.64060139,1.305598974
2512349,38.61587815,-89.64060078,1.305064201
2512353,38.61587813,-89.64060018,1.304529428
2512357,38.61587812,-89.64059957,1.303994656
2512361,38.61587811,-89.64059897,1.301129878
2512365,38.6158781,-89.64059837,1.2982651
2512369,38.61587809,-89.64059776,1.297482053
2512373,38.61587808,-89.64059716,1.296699007
2512377,38.61587807,-89.64059655,1.295915961
2512381,38.61587805,-89.64059595,1.29749161
2512385,38.61587804,-89.64059535,1.299067259
2512389,38.61587803,-89.64059474,1.301072598
2512393,38.61587802,-89.64059414,1.303077936
2512397,38.61587801,-89.64059353,1.305083275
2512401,38.615878,-89.64059293,1.307375133
2512405,38.61587798,-89.64059233,1.309666991
2512409,38.61587797,-89.64059172,1.312054276
2512413,38.61587796,-89.64059112,1.314441562
2512417,38.61587795,-89.64059051,1.316828847
2512421,38.61587794,-89.6405898,1.316341877
2512425,38.61587793,-89.64058908,1.315854907
2512429,38.61587792,-89.64058836,1.314728061
2512433,38.61587791,-89.64058764,1.313601216
2512437,38.61587789,-89.64058693,1.31247437
2512441,38.61587788,-89.64058621,1.310526371
2512445,38.61587787,-89.64058549,1.308578372
2512449,38.61587786,-89.64058477,1.309475978
2512453,38.61587785,-89.64058406,1.310373584
2512457,38.61587784,-89.64058334,1.311271191
2512461,38.61587783,-89.64058262,1.31124258
2512465,38.61587782,-89.64058202,1.31121397
2512469,38.6158778,-89.64058141,1.311290344
2512473,38.61587779,-89.64058081,1.311366717
2512477,38.61587778,-89.64058021,1.31144309
2512481,38.61587777,-89.6405796,1.313677609
2512485,38.61587775,-89.640579,1.315912127
2512489,38.61587774,-89.6405784,1.317268133
2512493,38.61587773,-89.64057779,1.318624139
2512497,38.61587772,-89.64057719,1.319980145
2512501,38.61587771,-89.64057659,1.323675752
2512505,38.61587769,-89.64057598,1.327371359
2512509,38.61587768,-89.64057538,1.325900753
2512513,38.61587767,-89.64057478,1.324430148
2512517,38.61587766,-89.64057417,1.322959542
2512521,38.61587764,-89.64057357,1.317459166
2512525,38.61587763,-89.64057296,1.31195879
2512529,38.61587762,-89.64057236,1.309857925
2512533,38.61587761,-89.64057175,1.30775706
2512537,38.6158776,-89.64057115,1.305656195
2512541,38.61587758,-89.64057054,1.306114554
2512545,38.61587757,-89.64056994,1.306572914
2512549,38.61587756,-89.64056933,1.3071268
2512553,38.61587755,-89.64056872,1.307680686
2512557,38.61587754,-89.64056812,1.308234572
2512561,38.61587752,-89.64056751,1.313792229
2512565,38.61587751,-89.64056691,1.319349885
2512569,38.6158775,-89.64056625,1.322443883
2512573,38.61587749,-89.6405656,1.32553788
2512577,38.61587748,-89.64056494,1.328631878
2512581,38.61587747,-89.64056429,1.331267476
2512585,38.61587746,-89.64056363,1.333903074
2512589,38.61587745,-89.64056298,1.334055861
2512593,38.61587744,-89.64056232,1.334208647
2512597,38.61587743,-89.64056166,1.334361434
2512601,38.61587742,-89.64056101,1.333244145
2512605,38.6158774,-89.64056035,1.332126856
2512609,38.61587739,-89.6405597,1.329758644
2512613,38.61587738,-89.64055904,1.327390432
2512617,38.61587737,-89.64055844,1.325022221
2512621,38.61587736,-89.64055783,1.324363291
2512625,38.61587735,-89.64055723,1.323704362
2512629,38.61587734,-89.64055662,1.324430108
2512633,38.61587733,-89.64055602,1.325155854
2512637,38.61587732,-89.64055541,1.3258816
2512641,38.6158773,-89.6405548,1.329090178
2512645,38.61587729,-89.6405542,1.332298756
2512649,38.61587728,-89.64055359,1.33543094
2512653,38.61587727,-89.64055299,1.338563124
2512657,38.61587726,-89.64055238,1.341695309
2512661,38.61587725,-89.64055178,1.343671978
2512665,38.61587724,-89.64055117,1.345648646
2512669,38.61587722,-89.64055052,1.345782359
2512673,38.61587721,-89.64054986,1.345916073
2512677,38.6158772,-89.64054921,1.346049786
2512681,38.61587719,-89.64054855,1.342669308
2512685,38.61587718,-89.64054789,1.339288831
2512689,38.61587716,-89.64054724,1.338333925
2512693,38.61587715,-89.64054658,1.337379018
2512697,38.61587714,-89.64054593,1.336424112
2512701,38.61587713,-89.64054527,1.332442045
2512705,38.61587711,-89.64054462,1.328459978
2512709,38.6158771,-89.64054396,1.326435526
2512713,38.61587709,-89.64054331,1.324411074
2512717,38.61587708,-89.6405427,1.322386622
2512721,38.61587707,-89.6405421,1.321154773
2512725,38.61587706,-89.6405415,1.319922924
2512729,38.61587705,-89.64054089,1.320839643
2512733,38.61587704,-89.64054029,1.321756363
2512737,38.61587702,-89.64053969,1.322673082
2512741,38.61587701,-89.64053908,1.324936271
2512745,38.615877,-89.64053848,1.327199459
2512749,38.61587699,-89.64053788,1.328230778
2512753,38.61587698,-89.64053728,1.329262098
2512757,38.61587697,-89.64053667,1.330293417
2512761,38.61587696,-89.64053607,1.328517258
2512765,38.61587695,-89.64053547,1.326741099
2512769,38.61587694,-89.64053481,1.324525674
2512773,38.61587693,-89.64053415,1.322310249
2512777,38.61587692,-89.6405335,1.320094824
2512781,38.61587691,-89.64053284,1.316084087
2512785,38.6158769,-89.64053218,1.31207335
2512789,38.61587689,-89.64053153,1.310984731
2512793,38.61587688,-89.64053087,1.309896111
2512797,38.61587687,-89.64053021,1.308807492
2512801,38.61587686,-89.64052956,1.306515634
2512805,38.61587685,-89.6405289,1.304223776
2512809,38.61587684,-89.64052825,1.303459843
2512813,38.61587683,-89.64052759,1.30269591
2512817,38.61587682,-89.64052698,1.301931977
2512821,38.61587681,-89.64052638,1.301903367
2512825,38.6158768,-89.64052577,1.301874757
2512829,38.61587679,-89.64052516,1.302600503
2512833,38.61587679,-89.64052456,1.303326249
2512837,38.61587678,-89.64052395,1.304051995
2512841,38.61587677,-89.64052334,1.302103937
2512845,38.61587676,-89.64052274,1.300155878
2512849,38.61587675,-89.64052213,1.296106974
2512853,38.61587674,-89.64052153,1.292058071
2512857,38.61587673,-89.64052092,1.288009167
2512861,38.61587673,-89.64052031,1.281563401
2512865,38.61587672,-89.64051971,1.275117636
2512869,38.61587671,-89.64051905,1.270801346
2512873,38.6158767,-89.6405184,1.266485055
2512877,38.61587668,-89.64051775,1.262168765
2512881,38.61587667,-89.64051709,1.259275317
2512885,38.61587666,-89.64051644,1.256381869
2512889,38.61587665,-89.64051579,1.25477759
2512893,38.61587664,-89.64051513,1.253173312
2512897,38.61587663,-89.64051448,1.251569033
2512901,38.61587662,-89.64051383,1.252514422
2512905,38.61587661,-89.64051317,1.253459811
2512909,38.6158766,-89.64051252,1.252905925
2512913,38.61587659,-89.64051187,1.252352039
2512917,38.61587658,-89.64051126,1.251798153
2512921,38.61587657,-89.64051066,1.249277174
2512925,38.61587657,-89.64051005,1.246756196
2512929,38.61587656,-89.64050945,1.244387945
2512933,38.61587655,-89.64050885,1.242019693
2512937,38.61587655,-89.64050824,1.239651442
2512941,38.61587654,-89.64050764,1.233721375
2512945,38.61587653,-89.64050703,1.227791309
2512949,38.61587652,-89.64050643,1.224620938
2512953,38.61587652,-89.64050582,1.221450567
2512957,38.61587651,-89.64050522,1.218280196
2512961,38.6158765,-89.64050461,1.214899719
2512965,38.6158765,-89.64050401,1.211519241
2512969,38.61587648,-89.64050335,1.210411549
2512973,38.61587647,-89.6405027,1.209303856
2512977,38.61587646,-89.64050204,1.208196163
2512981,38.61587644,-89.64050139,1.206849694
2512985,38.61587643,-89.64050073,1.205503225
2512989,38.61587642,-89.64050008,1.206477245
2512993,38.61587641,-89.64049943,1.207451264
2512997,38.61587639,-89.64049877,1.208425283
2513001,38.61587638,-89.64049812,1.209256053
2513005,38.61587637,-89.64049746,1.210086823
2513009,38.61587635,-89.64049681,1.208501657
2513013,38.61587634,-89.64049615,1.206916491
2513017,38.61587633,-89.64049555,1.205331326
2513021,38.61587632,-89.64049494,1.201750338
2513025,38.61587632,-89.64049434,1.198169351
2513029,38.61587631,-89.64049373,1.194464207
2513033,38.6158763,-89.64049313,1.190759063
2513037,38.61587629,-89.64049252,1.187053919
2513041,38.61587628,-89.64049192,1.180894673
2513045,38.61587627,-89.64049131,1.174735427
2513049,38.61587626,-89.64049071,1.172290802
2513053,38.61587626,-89.6404901,1.169846177
2513057,38.61587625,-89.6404895,1.167401552
2513061,38.61587624,-89.64048889,1.166513443
2513065,38.61587623,-89.64048828,1.165625334
2513069,38.61587622,-89.64048763,1.166427493
2513073,38.61587621,-89.64048697,1.167229652
2513077,38.6158762,-89.64048632,1.168031812
2513081,38.61587619,-89.64048566,1.169034481
2513085,38.61587618,-89.64048501,1.17003715
2513089,38.61587617,-89.64048435,1.17061011
2513093,38.61587617,-89.6404837,1.17118307
2513097,38.61587616,-89.64048304,1.171756029
2513101,38.61587615,-89.64048238,1.172042489
2513105,38.61587614,-89.64048173,1.172328949
2513109,38.61587613,-89.64048107,1.170285384
2513113,38.61587612,-89.64048042,1.168241819
2513117,38.61587611,-89.64047981,1.166198254
2513121,38.6158761,-89.6404792,1.162817836
2513125,38.61587609,-89.6404786,1.159437418
2513129,38.61587608,-89.64047799,1.156992793
2513133,38.61587607,-89.64047738,1.154548168
2513137,38.61587607,-89.64047678,1.152103543
2513141,38.61587606,-89.64047617,1.151874363
2513145,38.61587605,-89.64047556,1.151645184
2513149,38.61587604,-89.64047496,1.151874344
2513153,38.61587603,-89.64047435,1.152103504
2513157,38.61587602,-89.64047374,1.152332664
2513161,38.61587601,-89.64047314,1.154996932
2513165,38.615876,-89.64047253,1.1576612
2513169,38.61587599,-89.64047187,1.158959905
2513173,38.61587598,-89.64047122,1.160258611
2513177,38.61587598,-89.64047056,1.161557317
2513181,38.61587597,-89.6404699,1.161958396
2513185,38.61587596,-89.64046924,1.162359476
2513189,38.61587595,-89.64046858,1.161156257
2513193,38.61587594,-89.64046793,1.159953038
2513197,38.61587593,-89.64046727,1.158749819
2513201,38.61587593,-89.64046661,1.154882371
2513205,38.61587592,-89.64046595,1.151014924
2513209,38.61587591,-89.6404653,1.148341099
2513213,38.6158759,-89.64046464,1.145667275
2513217,38.61587589,-89.64046398,1.14299345
2513221,38.61587588,-89.64046333,1.141532421
2513225,38.61587586,-89.64046267,1.140071392
2513229,38.61587585,-89.64046202,1.141618371
2513233,38.61587584,-89.64046136,1.14316535
2513237,38.61587583,-89.64046071,1.144712329
2513241,38.61587582,-89.64046006,1.146975517
2513245,38.61587581,-89.6404594,1.149238706
2513249,38.61587579,-89.64045875,1.152466377
2513253,38.61587578,-89.64045809,1.155694048
2513257,38.61587577,-89.64045744,1.158921719
2513261,38.61587576,-89.64045678,1.159122288
2513265,38.61587575,-89.64045618,1.159322858
2513269,38.61587574,-89.64045557,1.157183806
2513273,38.61587573,-89.64045497,1.155044754
2513277,38.61587572,-89.64045436,1.152905703
2513281,38.61587571,-89.64045376,1.151960313
2513285,38.6158757,-89.64045315,1.151014924
2513289,38.61587569,-89.64045255,1.150155505
2513293,38.61587568,-89.64045194,1.149296085
2513297,38.61587567,-89.64045133,1.148436666
2513301,38.61587566,-89.64045073,1.145543218
2513305,38.61587565,-89.64045012,1.14264977
2513309,38.61587564,-89.64044952,1.143031716
2513313,38.61587563,-89.64044891,1.143413663
2513317,38.61587562,-89.64044831,1.143795609
2513321,38.61587561,-89.6404477,1.14365238
2513325,38.61587559,-89.64044709,1.14350915
2513329,38.61587558,-89.64044649,1.145170728
2513333,38.61587557,-89.64044588,1.146832307
2513337,38.61587556,-89.64044528,1.148493886
2513341,38.61587555,-89.64044467,1.147462547
2513345,38.61587554,-89.64044406,1.146431208
2513349,38.61587553,-89.64044346,1.147271554
2513353,38.61587552,-89.64044285,1.1481119
2513357,38.61587551,-89.64044224,1.148952246
2513361,38.6158755,-89.64044164,1.148436606
2513365,38.61587549,-89.64044103,1.147920966
2513369,38.61587548,-89.64044038,1.146946947
2513373,38.61587547,-89.64043972,1.145972927
2513377,38.61587546,-89.64043907,1.144998908
2513381,38.61587545,-89.64043841,1.14310813
2513385,38.61587544,-89.64043776,1.141217351
2513389,38.61587543,-89.6404371,1.140128732
2513393,38.61587542,-89.64043645,1.139040112
2513397,38.61587541,-89.6404358,1.137951493
2513401,38.61587539,-89.64043514,1.135716975
2513405,38.61587538,-89.64043449,1.133482456
2513409,38.61587537,-89.64043383,1.133234143
2513413,38.61587536,-89.64043318,1.13298583
2513417,38.61587535,-89.64043257,1.132737517
2513421,38.61587534,-89.64043197,1.136261225
2513425,38.61587533,-89.64043136,1.139784932
2513429,38.61587532,-89.64043075,1.140949965
2513433,38.61587531,-89.64043015,1.142114997
2513437,38.61587531,-89.64042954,1.143280029
2513441,38.6158753,-89.64042894,1.146373987
2513445,38.61587529,-89.64042833,1.149467945
2513449,38.61587528,-89.64042772,1.149601618
2513453,38.61587527,-89.64042712,1.149735292
2513457,38.61587526,-89.64042651,1.149868965
2513461,38.61587525,-89.6404259,1.151444614
2513465,38.61587524,-89.6404253,1.153020263
2513469,38.61587523,-89.64042464,1.152160843
2513473,38.61587521,-89.64042399,1.151301424
2513477,38.6158752,-89.64042333,1.150442004
2513481,38.61587519,-89.64042268,1.151444674
2513485,38.61587518,-89.64042202,1.152447343
2513489,38.61587516,-89.64042137,1.152600129
2513493,38.61587515,-89.64042071,1.152752916
2513497,38.61587514,-89.64042006,1.152905703
2513501,38.61587513,-89.6404194,1.155111551
2513505,38.61587511,-89.64041875,1.1573174
2513509,38.6158751,-89.64041809,1.158692519
2513513,38.61587509,-89.64041744,1.160067638
2513517,38.61587508,-89.64041683,1.161442757
2513521,38.61587507,-89.64041623,1.163333535
2513525,38.61587505,-89.64041562,1.165224314
2513529,38.61587504,-89.64041501,1.164536754
2513533,38.61587503,-89.64041441,1.163849195
2513537,38.61587502,-89.6404138,1.163161635
2513541,38.61587501,-89.64041319,1.159236848
2513545,38.615875,-89.64041259,1.155312061
2513549,38.61587499,-89.64041198,1.153936982
2513553,38.61587498,-89.64041138,1.152561903
2513557,38.61587497,-89.64041077,1.151186824
2513561,38.61587495,-89.64041016,1.149038196
2513565,38.61587494,-89.64040956,1.146889567
2513569,38.61587493,-89.6404089,1.14725244
2513573,38.61587492,-89.64040825,1.147615314
2513577,38.61587491,-89.64040759,1.147978187
2513581,38.6158749,-89.64040693,1.151043534
2513585,38.61587489,-89.64040628,1.154108882
2513589,38.61587488,-89.64040562,1.156133334
2513593,38.61587487,-89.64040497,1.158157786
2513597,38.61587486,-89.64040431,1.160182238
2513601,38.61587484,-89.64040366,1.160583317
2513605,38.61587483,-89.640403,1.160984397
2513609,38.61587482,-89.64040234,1.158138712
2513613,38.61587481,-89.64040169,1.155293028
2513617,38.6158748,-89.64040108,1.152447343
2513621,38.61587479,-89.64040047,1.149525225
2513625,38.61587478,-89.64039987,1.146603107
2513629,38.61587478,-89.64039926,1.14253513
2513633,38.61587477,-89.64039866,1.138467153
2513637,38.61587476,-89.64039805,1.134399176
2513641,38.61587475,-89.64039744,1.132880807
2513645,38.61587474,-89.64039684,1.131362438
2513649,38.61587473,-89.64039623,1.132622957
2513653,38.61587472,-89.64039562,1.133883476
2513657,38.61587471,-89.64039502,1.135143995
2513661,38.6158747,-89.64039441,1.137951493
2513665,38.61587469,-89.6403938,1.140758991
2513669,38.61587468,-89.64039315,1.141408324
2513673,38.61587467,-89.64039249,1.142057657
2513677,38.61587466,-89.64039183,1.14270699
2513681,38.61587465,-89.64039118,1.14239186
2513685,38.61587464,-89.64039052,1.142076731
2513689,38.61587463,-89.64038986,1.140988111
2513693,38.61587462,-89.64038921,1.139899492
2513697,38.6158746,-89.64038855,1.138810873
2513701,38.61587459,-89.64038789,1.136032045
2513705,38.61587458,-89.64038724,1.133253217
2513709,38.61587457,-89.64038658,1.130312045
2513713,38.61587456,-89.64038592,1.127370874
2513717,38.61587455,-89.64038532,1.124429703
2513721,38.61587454,-89.64038471,1.119788706
2513725,38.61587453,-89.64038411,1.11514771
2513729,38.61587452,-89.6403835,1.115606109
2513733,38.61587451,-89.6403829,1.116064509
2513737,38.6158745,-89.6403823,1.116522908
2513741,38.61587449,-89.64038169,1.116522908
2513745,38.61587448,-89.64038109,1.116522908
2513749,38.61587447,-89.64038048,1.118299047
2513753,38.61587446,-89.64037988,1.120075186
2513757,38.61587445,-89.64037927,1.121851325
2513761,38.61587445,-89.64037867,1.125661492
2513765,38.61587444,-89.64037806,1.12947166
2513769,38.61587442,-89.64037741,1.12941436
2513773,38.61587441,-89.64037675,1.12935706
2513777,38.6158744,-89.64037609,1.12929976
2513781,38.61587439,-89.64037544,1.130646229
2513785,38.61587437,-89.64037478,1.131992698
2513789,38.61587436,-89.64037412,1.130560319
2513793,38.61587435,-89.64037347,1.12912794
2513797,38.61587434,-89.64037281,1.12769556
2513801,38.61587432,-89.64037215,1.125776112
2513805,38.61587431,-89.6403715,1.123856664
2513809,38.6158743,-89.64037084,1.121946812
2513813,38.61587429,-89.64037018,1.12003696
2513817,38.61587427,-89.64036958,1.118127108
2513821,38.61587426,-89.64036898,1.120762706
2513825,38.61587425,-89.64036837,1.123398304
2513829,38.61587424,-89.64036777,1.12475431
2513833,38.61587423,-89.64036716,1.126110315
2513837,38.61587422,-89.64036656,1.127466321
2513841,38.61587421,-89.64036595,1.131706238
2513845,38.6158742,-89.64036535,1.135946155
2513849,38.61587419,-89.64036474,1.136920174
2513853,38.61587418,-89.64036414,1.137894193
2513857,38.61587417,-89.64036353,1.138868213
2513861,38.61587416,-89.64036293,1.140701652
2513865,38.61587415,-89.64036232,1.14253509
2513869,38.61587413,-89.64036167,1.140396078
2513873,38.61587412,-89.64036101,1.138257066
2513877,38.61587411,-89.64036035,1.136118054
2513881,38.6158741,-89.6403597,1.132766247
2513885,38.61587409,-89.64035904,1.129414439
2513889,38.61587407,-89.64035838,1.127008001
2513893,38.61587406,-89.64035773,1.124601563
2513897,38.61587405,-89.64035707,1.122195125
2513901,38.61587404,-89.64035641,1.118728757
2513905,38.61587402,-89.64035576,1.115262389
2513909,38.61587401,-89.6403551,1.115300576
2513913,38.615874,-89.64035445,1.115338763
2513917,38.61587399,-89.64035384,1.115376949
2513921,38.61587398,-89.64035324,1.118327677
2513925,38.61587397,-89.64035263,1.121278405
2513929,38.61587395,-89.64035203,1.123302857
2513933,38.61587394,-89.64035142,1.125327309
2513937,38.61587393,-89.64035082,1.127351761
2513941,38.61587392,-89.64035021,1.129299819
2513945,38.61587391,-89.64034961,1.131247878
2513949,38.6158739,-89.640349,1.130331159
2513953,38.61587389,-89.6403484,1.129414439
2513957,38.61587388,-89.64034779,1.12849772
2513961,38.61587387,-89.64034719,1.127208531
2513965,38.61587386,-89.64034658,1.125919342
2513969,38.61587385,-89.64034593,1.123914003
2513973,38.61587383,-89.64034527,1.121908665
2513977,38.61587382,-89.64034461,1.119903326
2513981,38.61587381,-89.64034396,1.118041217
2513985,38.6158738,-89.6403433,1.116179109
2513989,38.61587379,-89.64034264,1.115376949
2513993,38.61587378,-89.64034199,1.11457479
2513997,38.61587377,-89.64034133,1.113772631
2514001,38.61587376,-89.64034067,1.116064489
2514005,38.61587375,-89.64034002,1.118356347
2514009,38.61587374,-89.64033936,1.119368553
2514013,38.61587373,-89.6403387,1.120380759
2514017,38.61587372,-89.6403381,1.121392965
2514021,38.61587371,-89.64033749,1.126578271
2514025,38.6158737,-89.64033689,1.131763577
2514029,38.61587369,-89.64033628,1.133883516
2514033,38.61587368,-89.64033568,1.136003455
2514037,38.61587367,-89.64033507,1.138123393
2514041,38.61587366,-89.64033447,1.138352573
2514045,38.61587365,-89.64033386,1.138581753
2514049,38.61587364,-89.64033326,1.137053847
2514053,38.61587363,-89.64033265,1.135525942
2514057,38.61587362,-89.64033205,1.133998036
2514061,38.61587361,-89.64033144,1.132393777
2514065,38.6158736,-89.64033084,1.130789518
2514069,38.61587359,-89.64033018,1.128631393
2514073,38.61587357,-89.64032952,1.126473268
2514077,38.61587356,-89.64032887,1.124315143
2514081,38.61587355,-89.64032821,1.125575602
2514085,38.61587353,-89.64032755,1.126836061
2514089,38.61587352,-89.6403269,1.128688653
2514093,38.61587351,-89.64032624,1.130541245
2514097,38.61587349,-89.64032559,1.132393837
2514101,38.61587348,-89.64032493,1.137120724
2514105,38.61587346,-89.64032427,1.14184761
2514109,38.61587345,-89.64032362,1.144483209
2514113,38.61587344,-89.64032296,1.147118807
2514117,38.61587343,-89.64032235,1.149754405
2514121,38.61587341,-89.64032175,1.152647853
2514125,38.6158734,-89.64032114,1.155541301
2514129,38.61587339,-89.64032054,1.155235728
2514133,38.61587338,-89.64031993,1.154930154
2514137,38.61587336,-89.64031932,1.154624581
2514141,38.61587335,-89.64031872,1.15660125
2514145,38.61587334,-89.64031811,1.158577919
2514149,38.61587333,-89.64031751,1.156782667
2514153,38.61587331,-89.6403169,1.154987415
2514157,38.6158733,-89.6403163,1.153192163
2514161,38.61587329,-89.64031569,1.154108882
2514165,38.61587328,-89.64031508,1.155025601
2514169,38.61587326,-89.64031443,1.155827761
2514173,38.61587325,-89.64031377,1.15662992
2514177,38.61587324,-89.64031311,1.157432079
2514181,38.61587323,-89.64031246,1.159981728
2514185,38.61587322,-89.6403118,1.162531376
2514189,38.61587321,-89.64031114,1.165033301
2514193,38.6158732,-89.64031049,1.167535226
2514197,38.61587319,-89.64030983,1.17003715
2514201,38.61587318,-89.64030918,1.175967276
2514205,38.61587317,-89.64030852,1.181897402
2514209,38.61587315,-89.64030786,1.183520754
2514213,38.61587314,-89.64030721,1.185144107
2514217,38.61587313,-89.64030655,1.186767459
2514221,38.61587312,-89.64030589,1.186022639
2514225,38.6158731,-89.64030524,1.18527782
2514229,38.61587309,-89.64030458,1.184552073
2514233,38.61587308,-89.64030392,1.183826327
2514237,38.61587306,-89.64030327,1.183100581
2514241,38.61587305,-89.64030261,1.179462314
2514245,38.61587304,-89.64030195,1.175824046
2514249,38.61587302,-89.6403013,1.175976833
2514253,38.61587301,-89.64030064,1.176129619
2514257,38.615873,-89.64029998,1.176282406
2514261,38.61587299,-89.64029933,1.176081836
2514265,38.61587297,-89.64029872,1.175881267
2514269,38.61587296,-89.64029812,1.177867532
2514273,38.61587294,-89.64029751,1.179853797
2514277,38.61587293,-89.64029691,1.181840062
2514281,38.61587291,-89.6402963,1.186337769
2514285,38.6158729,-89.6402957,1.190835476
2514289,38.61587288,-89.6402951,1.193738461
2514293,38.61587287,-89.64029449,1.196641445
2514297,38.61587285,-89.64029389,1.19954443
2514301,38.61587284,-89.64029328,1.204070807
2514305,38.61587283,-89.64029268,1.208597183
2514309,38.61587281,-89.64029207,1.20829161
2514313,38.6158728,-89.64029147,1.207986037
2514317,38.61587279,-89.64029101,1.207680464
2514321,38.61587278,-89.64029054,1.206190765
2514325,38.61587277,-89.64029008,1.204701066
2514329,38.61587276,-89.64028962,1.2030013
2514333,38.61587275,-89.64028915,1.201301535
2514337,38.61587274,-89.64028869,1.199601769
2514341,38.61587273,-89.64028822,1.200919569
2514345,38.61587273,-89.64028776,1.202237368
2514349,38.61587272,-89.6402873,1.203669747
2514353,38.61587271,-89.64028683,1.205102126
2514357,38.6158727,-89.64028637,1.206534505
2514361,38.61587269,-89.64028591,1.210545242
2514365,38.61587268,-89.64028544,1.214555979
2514369,38.61587267,-89.64028498,1.218280196
2514373,38.61587266,-89.64028452,1.222004414
2514377,38.61587266,-89.64028405,1.225728631
2514381,38.61587265,-89.64028359,1.22698915
2514385,38.61587263,-89.64028261,1.228249669
2514389,38.61587261,-89.64028163,1.228001356
2514393,38.61587259,-89.64028065,1.227753043
2514397,38.61587257,-89.64027967,1.22750473
2514401,38.61587255,-89.64027869,1.224496722
2514405,38.61587253,-89.64027771,1.221488714
2514409,38.61587251,-89.64027673,1.219941735
2514413,38.6158725,-89.64027575,1.218394756
2514417,38.61587248,-89.64027509,1.216847777
2514421,38.61587247,-89.64027443,1.217535317
2514425,38.61587246,-89.64027377,1.218222857
2514429,38.61587244,-89.64027312,1.218108257
2514433,38.61587243,-89.64027246,1.217993657
2514437,38.61587242,-89.6402718,1.217879057
2514441,38.6158724,-89.64027114,1.220514655
2514445,38.61587239,-89.64027049,1.223150253
2514449,38.61587238,-89.64026983,1.224697272
2514453,38.61587236,-89.64026917,1.226244291
2514457,38.61587235,-89.64026851,1.227791309
2514461,38.61587234,-89.64026786,1.228994489
2514465,38.61587233,-89.64026725,1.230197668
2514469,38.61587232,-89.64026665,1.230331381
2514473,38.6158723,-89.64026604,1.230465094
2514477,38.61587229,-89.64026543,1.230598807
2514481,38.61587228,-89.64026483,1.228306949
2514485,38.61587227,-89.64026422,1.226015091
2514489,38.61587226,-89.64026362,1.224143426
2514493,38.61587225,-89.64026301,1.22227176
2514497,38.61587224,-89.64026241,1.220400095
2514501,38.61587223,-89.6402618,1.219168246
2514505,38.61587222,-89.64026119,1.217936397
2514509,38.61587221,-89.64026059,1.21749711
2514513,38.6158722,-89.64025998,1.217057824
2514517,38.61587219,-89.64025933,1.216618538
2514521,38.61587217,-89.64025868,1.218022287
2514525,38.61587216,-89.64025802,1.219426036
2514529,38.61587215,-89.64025737,1.220533768
2514533,38.61587213,-89.64025671,1.221641501
2514537,38.61587212,-89.64025606,1.222749233
2514541,38.61587211,-89.64025541,1.222434103
2514545,38.6158721,-89.64025475,1.222118974
2514549,38.61587208,-89.6402541,1.223876039
2514553,38.61587207,-89.64025345,1.225633105
2514557,38.61587206,-89.64025279,1.22739017
2514561,38.61587204,-89.64025214,1.225212932
2514565,38.61587203,-89.64025153,1.223035693
2514569,38.61587202,-89.64025093,1.220801155
2514573,38.61587201,-89.64025033,1.218566616
2514577,38.615872,-89.64024972,1.216332078
2514581,38.61587199,-89.64024912,1.21269381
2514585,38.61587198,-89.64024851,1.209055543
2514589,38.61587197,-89.64024791,1.208024224
2514593,38.61587196,-89.6402473,1.206992904
2514597,38.61587195,-89.6402467,1.205961585
2514601,38.61587194,-89.6402461,1.205646455
2514605,38.61587193,-89.64024549,1.205331326
2514609,38.61587192,-89.64024489,1.207355777
2514613,38.61587191,-89.64024428,1.209380229
2514617,38.6158719,-89.64024363,1.211404681
2514621,38.61587189,-89.64024297,1.215214849
2514625,38.61587187,-89.64024231,1.219025016
2514629,38.61587186,-89.64024165,1.220457395
2514633,38.61587185,-89.64024099,1.221889774
2514637,38.61587184,-89.64024033,1.223322153
2514641,38.61587183,-89.64023968,1.225327551
2514645,38.61587182,-89.64023902,1.22733295
2514649,38.61587181,-89.64023836,1.226072431
2514653,38.6158718,-89.6402377,1.224811912
2514657,38.61587179,-89.64023704,1.223551393
2514661,38.61587178,-89.64023639,1.220686615
2514665,38.61587176,-89.64023578,1.217821836
2514669,38.61587175,-89.64023518,1.21721065
2514673,38.61587174,-89.64023458,1.216599464
2514677,38.61587172,-89.64023397,1.215988278
2514681,38.61587171,-89.64023337,1.215873718
2514685,38.6158717,-89.64023277,1.215759158
2514689,38.61587168,-89.64023217,1.218108296
2514693,38.61587167,-89.64023156,1.220457435
2514697,38.61587166,-89.64023096,1.222806573
2514701,38.61587164,-89.64023036,1.2267313
2514705,38.61587163,-89.64022975,1.230656028
2514709,38.61587162,-89.64022915,1.233673612
2514713,38.6158716,-89.64022855,1.236691197
2514717,38.61587159,-89.64022789,1.239708781
2514721,38.61587158,-89.64022723,1.242573559
2514725,38.61587157,-89.64022658,1.245438337
2514729,38.61587156,-89.64022592,1.245170951
2514733,38.61587155,-89.64022526,1.244903564
2514737,38.61587153,-89.6402246,1.244636178
2514741,38.61587152,-89.64022395,1.24102658
2514745,38.61587151,-89.64022329,1.237416983
2514749,38.6158715,-89.64022263,1.235449831
2514753,38.61587149,-89.64022198,1.233482679
2514757,38.61587148,-89.64022132,1.231515527
2514761,38.61587146,-89.64022066,1.230541468
2514765,38.61587146,-89.64022006,1.229567409
2514769,38.61587145,-89.64021945,1.230178555
2514773,38.61587144,-89.64021885,1.230789701
2514777,38.61587143,-89.64021825,1.231400847
2514781,38.61587142,-89.64021764,1.234695375
2514785,38.61587141,-89.64021704,1.237989902
2514789,38.6158714,-89.64021644,1.241866906
2514793,38.61587139,-89.64021583,1.24574391
2514797,38.61587138,-89.64021523,1.249620914
2514801,38.61587137,-89.64021463,1.253832161
2514805,38.61587137,-89.64021402,1.258043408
2514809,38.61587136,-89.64021342,1.257737835
2514813,38.61587135,-89.64021281,1.257432262
2514817,38.61587134,-89.64021216,1.257126689
2514821,38.61587133,-89.6402115,1.254462421
2514825,38.61587132,-89.64021084,1.251798153
2514829,38.61587131,-89.64021018,1.249850114
2514833,38.6158713,-89.64020953,1.247902075
2514837,38.61587129,-89.64020887,1.245954037
2514841,38.61587128,-89.64020821,1.246527016
2514845,38.61587127,-89.64020755,1.247099996
2514849,38.61587126,-89.6402069,1.24591585
2514853,38.61587125,-89.64020624,1.244731704
2514857,38.61587124,-89.64020558,1.243547559
2514861,38.61587123,-89.64020492,1.245123208
2514865,38.61587122,-89.64020437,1.246698856
2514869,38.61587121,-89.64020381,1.249009808
2514873,38.6158712,-89.64020325,1.251320759
2514877,38.61587119,-89.64020269,1.253631711
2514881,38.61587118,-89.64020213,1.256353259
2514885,38.61587116,-89.64020157,1.259074807
2514889,38.61587115,-89.64020101,1.25960954
2514893,38.61587114,-89.64020045,1.260144273
2514897,38.61587113,-89.64019989,1.260679007
2514901,38.61587112,-89.64019933,1.260764956
2514905,38.61587111,-89.64019877,1.260850906
2514909,38.61587109,-89.64019821,1.257527749
2514913,38.61587108,-89.64019765,1.254204591
2514917,38.61587107,-89.64019709,1.250881433
2514921,38.61587106,-89.64019638,1.244464338
2514925,38.61587105,-89.64019566,1.238047242
2514929,38.61587103,-89.64019495,1.236691236
2514933,38.61587102,-89.64019423,1.235335231
2514937,38.61587101,-89.64019352,1.233979225
2514941,38.615871,-89.6401928,1.235153794
2514945,38.61587099,-89.64019209,1.236328363
2514949,38.61587097,-89.64019137,1.238009016
2514953,38.61587096,-89.64019066,1.239689668
2514957,38.61587095,-89.64018994,1.24137032
2514961,38.61587094,-89.64018923,1.245266438
2514965,38.61587093,-89.64018862,1.249162555
2514969,38.61587092,-89.64018802,1.251798153
2514973,38.61587091,-89.64018741,1.254433751
2514977,38.6158709,-89.64018681,1.257069349
2514981,38.61587089,-89.6401862,1.258014739
2514985,38.61587088,-89.6401856,1.258960128
2514989,38.61587087,-89.64018499,1.257050276
2514993,38.61587086,-89.64018439,1.255140424
2514997,38.61587085,-89.64018378,1.253230572
2515001,38.61587084,-89.64018317,1.252371132
2515005,38.61587083,-89.64018257,1.251511693
2515009,38.61587082,-89.64018196,1.250728647
2515013,38.61587081,-89.64018136,1.249945601
2515017,38.6158708,-89.64018075,1.249162555
2515021,38.61587079,-89.64018015,1.250107944
2515025,38.61587078,-89.64017954,1.251053333
2515029,38.61587077,-89.64017894,1.253268758
2515033,38.61587076,-89.64017833,1.255484184
2515037,38.61587075,-89.64017772,1.257699609
2515041,38.61587074,-89.64017712,1.260908186
2515045,38.61587073,-89.64017651,1.264116764
2515049,38.61587072,-89.64017591,1.265988429
2515053,38.61587071,-89.6401753,1.267860095
2515057,38.6158707,-89.64017469,1.26973176
2515061,38.61587069,-89.64017409,1.272338748
2515065,38.61587068,-89.64017348,1.274945736
2515069,38.61587067,-89.64017282,1.274659236
2515073,38.61587065,-89.64017217,1.274372737
2515077,38.61587064,-89.64017151,1.274086237
2515081,38.61587063,-89.64017085,1.275002956
2515085,38.61587062,-89.64017019,1.275919676
2515089,38.6158706,-89.64016953,1.27450641
2515093,38.61587059,-89.64016888,1.273093144
2515097,38.61587058,-89.64016822,1.271679878
2515101,38.61587057,-89.64016756,1.268815041
2515105,38.61587055,-89.6401669,1.265950203
2515109,38.61587054,-89.64016624,1.266542276
2515113,38.61587053,-89.64016559,1.267134349
2515117,38.61587052,-89.64016493,1.267726421
2515121,38.61587051,-89.64016428,1.272052228
2515125,38.6158705,-89.64016362,1.276378036
2515129,38.61587049,-89.64016297,1.279491107
2515133,38.61587048,-89.64016231,1.282604178
2515137,38.61587047,-89.64016166,1.285717249
2515141,38.61587046,-89.640161,1.287808597
2515145,38.61587045,-89.64016035,1.289899945
2515149,38.61587044,-89.6401597,1.289708932
2515153,38.61587043,-89.64015904,1.289517919
2515157,38.61587042,-89.64015839,1.289326906
2515161,38.61587041,-89.64015773,1.288381517
2515165,38.6158704,-89.64015713,1.287436128
2515169,38.61587039,-89.64015652,1.286634008
2515173,38.61587038,-89.64015592,1.285831889
2515177,38.61587037,-89.64015532,1.285029769
2515181,38.61587036,-89.64015471,1.28293848
2515185,38.61587035,-89.64015411,1.280847192
2515189,38.61587034,-89.6401535,1.281401038
2515193,38.61587033,-89.6401529,1.281954885
2515197,38.61587032,-89.64015229,1.282508731
2515201,38.61587031,-89.64015169,1.286404848
2515205,38.6158703,-89.64015108,1.290300965
2515209,38.61587029,-89.64015048,1.292191704
2515213,38.61587028,-89.64014988,1.294082443
2515217,38.61587027,-89.64014922,1.295973182
2515221,38.61587025,-89.64014856,1.296345651
2515225,38.61587024,-89.64014791,1.296718121
2515229,38.61587023,-89.64014725,1.298341473
2515233,38.61587022,-89.6401466,1.299964825
2515237,38.6158702,-89.64014594,1.301588178
2515241,38.61587019,-89.64014529,1.299983919
2515245,38.61587018,-89.64014463,1.29837966
2515249,38.61587017,-89.64014398,1.298016787
2515253,38.61587015,-89.64014332,1.297653913
2515257,38.61587014,-89.64014266,1.29729104
2515261,38.61587013,-89.64014201,1.295285702
2515265,38.61587012,-89.64014141,1.293280363
2515269,38.61587011,-89.6401408,1.292325417
2515273,38.6158701,-89.6401402,1.291370471
2515277,38.61587009,-89.6401396,1.290415525
2515281,38.61587008,-89.640139,1.289613426
2515285,38.61587007,-89.6401384,1.288811326
2515289,38.61587006,-89.64013779,1.288047353
2515293,38.61587005,-89.64013719,1.287283381
2515297,38.61587004,-89.64013659,1.286519408
2515301,38.61587004,-89.64013599,1.288983166
2515305,38.61587003,-89.64013539,1.291446924
2515309,38.61587002,-89.64013478,1.291122238
2515313,38.61587001,-89.64013418,1.290797551
2515317,38.61587,-89.64013375,1.290472865
2515321,38.61586999,-89.64013331,1.289011836
2515325,38.61586999,-89.64013287,1.287550807
2515329,38.61586998,-89.64013244,1.286595861
2515333,38.61586997,-89.640132,1.285640915
2515337,38.61586997,-89.64013157,1.284685969
2515341,38.61586996,-89.64013113,1.281506062
2515345,38.61586995,-89.64013069,1.278326154
2515349,38.61586995,-89.64013026,1.276435375
2515353,38.61586994,-89.64012982,1.274544597
2515357,38.61586993,-89.64012939,1.272653818
2515361,38.61586993,-89.64012895,1.271737099
2515365,38.61586992,-89.64012851,1.270820379
2515369,38.61586991,-89.64012808,1.270457506
2515373,38.61586991,-89.64012764,1.270094633
2515377,38.6158699,-89.64012721,1.26973176
2515381,38.61586989,-89.64012677,1.26973176
2515385,38.61586989,-89.64012634,1.26973176
2515389,38.61586987,-89.64012521,1.269082427
2515393,38.61586985,-89.64012409,1.268433094
2515397,38.61586983,-89.64012297,1.267783761
2515401,38.61586981,-89.64012185,1.268012941
2515405,38.61586978,-89.64012073,1.268242121
2515409,38.61586976,-89.64011961,1.267611861
2515413,38.61586974,-89.64011849,1.266981602
2515417,38.61586973,-89.64011784,1.266351342
2515421,38.61586972,-89.64011718,1.264890313
2515425,38.61586971,-89.64011653,1.263429284
2515429,38.6158697,-89.64011587,1.261366606
2515433,38.61586969,-89.64011522,1.259303927
2515437,38.61586968,-89.64011456,1.257241249
2515441,38.61586967,-89.64011391,1.250337124
2515445,38.61586966,-89.64011325,1.243432999
2515449,38.61586965,-89.6401126,1.241045674
2515453,38.61586963,-89.64011195,1.238658349
2515457,38.61586962,-89.64011129,1.236271024
2515461,38.61586961,-89.64011064,1.235067844
2515465,38.6158696,-89.64011003,1.233864665
2515469,38.61586959,-89.64010942,1.233864665
2515473,38.61586959,-89.64010882,1.233864665
2515477,38.61586958,-89.64010821,1.233864665
2515481,38.61586957,-89.64010761,1.235382974
2515485,38.61586956,-89.640107,1.236901283
2515489,38.61586955,-89.6401064,1.238104502
2515493,38.61586954,-89.64010579,1.239307721
2515497,38.61586953,-89.64010519,1.240510941
2515501,38.61586952,-89.64010458,1.238849342
2515505,38.61586951,-89.64010397,1.237187743
2515509,38.6158695,-89.64010337,1.234972318
2515513,38.61586949,-89.64010276,1.232756893
2515517,38.61586948,-89.64010211,1.230541468
2515521,38.61586947,-89.64010145,1.223837852
2515525,38.61586946,-89.6401008,1.217134237
2515529,38.61586945,-89.64010014,1.213772893
2515533,38.61586944,-89.64009949,1.210411549
2515537,38.61586943,-89.64009883,1.207050204
2515541,38.61586942,-89.64009817,1.203211367
2515545,38.61586941,-89.64009752,1.19937253
2515549,38.6158694,-89.64009686,1.200174689
2515553,38.61586939,-89.64009621,1.200976849
2515557,38.61586938,-89.64009555,1.201779008
2515561,38.61586937,-89.6400949,1.205102146
2515565,38.61586936,-89.64009429,1.208425283
2515569,38.61586935,-89.64009369,1.210335135
2515573,38.61586934,-89.64009309,1.212244987
2515577,38.61586933,-89.64009249,1.21415484
2515581,38.61586932,-89.64009189,1.211519241
2515585,38.6158693,-89.64009129,1.208883643
2515589,38.61586929,-89.64009068,1.205999772
2515593,38.61586928,-89.64009008,1.2031159
2515597,38.61586927,-89.64008948,1.200232029
2515601,38.61586926,-89.64008888,1.191752255
2515605,38.61586925,-89.64008828,1.183272481
2515609,38.61586924,-89.64008768,1.179892023
2515613,38.61586922,-89.64008707,1.176511566
2515617,38.61586921,-89.64008642,1.173131108
2515621,38.6158692,-89.64008577,1.17129761
2515625,38.61586919,-89.64008511,1.169464111
2515629,38.61586918,-89.64008446,1.168642879
2515633,38.61586917,-89.6400838,1.167821646
2515637,38.61586916,-89.64008315,1.167000413
2515641,38.61586915,-89.64008249,1.168289602
2515645,38.61586914,-89.64008184,1.169578791
2515649,38.61586913,-89.64008118,1.170590997
2515653,38.61586912,-89.64008053,1.171603203
2515657,38.61586911,-89.64007987,1.172615409
2515661,38.6158691,-89.64007922,1.171927869
2515665,38.61586909,-89.64007861,1.17124033
2515669,38.61586908,-89.64007801,1.170590997
2515673,38.61586907,-89.6400774,1.169941664
2515677,38.61586906,-89.6400768,1.169292331
2515681,38.61586905,-89.64007619,1.165367544
2515685,38.61586904,-89.64007559,1.161442757
2515689,38.61586903,-89.64007498,1.158463359
2515693,38.61586902,-89.64007438,1.155483961
2515697,38.61586901,-89.64007377,1.152504563
2515701,38.615869,-89.64007317,1.150642455
2515705,38.61586899,-89.64007256,1.148780346
2515709,38.61586897,-89.64007196,1.149047732
2515713,38.61586896,-89.64007135,1.149315119
2515717,38.61586895,-89.64007075,1.149582505
2515721,38.61586894,-89.64007015,1.150126815
2515725,38.61586893,-89.64006955,1.150671124
2515729,38.61586892,-89.64006895,1.151530584
2515733,38.61586891,-89.64006835,1.152390043
2515737,38.6158689,-89.64006774,1.153249502
2515741,38.61586889,-89.64006714,1.155512691
2515745,38.61586888,-89.64006654,1.157775879
2515749,38.61586887,-89.64006594,1.157107393
2515753,38.61586886,-89.64006534,1.156438907
2515757,38.61586885,-89.64006474,1.155770421
2515761,38.61586884,-89.64006414,1.154509962
2515765,38.61586883,-89.64006354,1.153249502
2515769,38.61586882,-89.64006289,1.150289218
2515773,38.61586881,-89.64006224,1.147328933
2515777,38.6158688,-89.64006158,1.144368649
2515781,38.61586879,-89.64006093,1.140787661
2515785,38.61586878,-89.64006028,1.137206674
2515789,38.61586877,-89.64005963,1.135774255
2515793,38.61586876,-89.64005898,1.134341836
2515797,38.61586874,-89.64005833,1.132909417
2515801,38.61586873,-89.64005768,1.134914815
2515805,38.61586872,-89.64005703,1.136920214
2515809,38.61586871,-89.64005638,1.138639053
2515813,38.6158687,-89.64005573,1.140357892
2515817,38.61586869,-89.64005508,1.142076731
2515821,38.61586867,-89.64005442,1.144683719
2515825,38.61586866,-89.64005377,1.147290707
2515829,38.61586865,-89.64005311,1.148856799
2515833,38.61586863,-89.64005246,1.150422891
2515837,38.61586862,-89.6400518,1.151988983
2515841,38.6158686,-89.64005115,1.151043594
2515845,38.61586859,-89.64005049,1.150098205
2515849,38.61586858,-89.64004984,1.148054639
2515853,38.61586856,-89.64004919,1.146011074
2515857,38.61586855,-89.64004853,1.143967509
2515861,38.61586854,-89.64004788,1.138180673
2515865,38.61586852,-89.64004727,1.132393837
2515869,38.61586851,-89.64004667,1.131247918
2515873,38.6158685,-89.64004607,1.130101999
2515877,38.61586849,-89.64004547,1.128956079
2515881,38.61586848,-89.64004486,1.130445778
2515885,38.61586847,-89.64004426,1.131935477
2515889,38.61586846,-89.64004366,1.133654316
2515893,38.61586845,-89.64004306,1.135373155
2515897,38.61586844,-89.64004245,1.137091994
2515901,38.61586843,-89.64004185,1.140873551
2515905,38.61586842,-89.64004125,1.144655108
2515909,38.6158684,-89.64004064,1.146125674
2515913,38.61586839,-89.64004004,1.14759624
2515917,38.61586838,-89.64003944,1.149066806
2515921,38.61586837,-89.64003884,1.147634447
2515925,38.61586836,-89.64003824,1.146202087
2515929,38.61586835,-89.64003764,1.144693295
2515933,38.61586834,-89.64003704,1.143184503
2515937,38.61586832,-89.64003643,1.141675711
2515941,38.61586831,-89.64003583,1.138581753
2515945,38.6158683,-89.64003523,1.135487795
2515949,38.61586829,-89.64003463,1.134418249
2515953,38.61586828,-89.64003403,1.133348703
2515957,38.61586827,-89.64003343,1.132279158
2515961,38.61586825,-89.64003283,1.131419718
2515965,38.61586824,-89.64003223,1.130560279
2515969,38.61586823,-89.64003162,1.131629825
2515973,38.61586822,-89.64003102,1.13269937
2515977,38.61586821,-89.64003042,1.133768916
2515981,38.6158682,-89.64002982,1.135974765
2515985,38.61586819,-89.64002922,1.138180614
2515989,38.61586818,-89.64002862,1.139632106
2515993,38.61586817,-89.64002802,1.141083598
2515997,38.61586816,-89.64002742,1.14253509
2516001,38.61586814,-89.64002682,1.144196689
2516005,38.61586813,-89.64002622,1.145858288
2516009,38.61586812,-89.64002562,1.145247142
2516013,38.61586811,-89.64002502,1.144635995
2516017,38.6158681,-89.64002442,1.144024849
2516021,38.61586809,-89.64002376,1.144225359
2516025,38.61586808,-89.64002311,1.144425869
2516029,38.61586806,-89.64002246,1.142153144
2516033,38.61586805,-89.6400218,1.139880419
2516037,38.61586804,-89.64002115,1.137607694
2516041,38.61586802,-89.6400205,1.137808263
2516045,38.61586801,-89.64001985,1.138008833
2516049,38.615868,-89.64001919,1.139364799
2516053,38.61586798,-89.64001854,1.140720765
2516057,38.61586797,-89.64001789,1.142076731
2516061,38.61586796,-89.64001724,1.140930831
2516065,38.61586794,-89.64001658,1.139784932
2516069,38.61586793,-89.64001593,1.140816251
2516073,38.61586791,-89.64001528,1.141847571
2516077,38.6158679,-89.64001463,1.14287889
2516081,38.61586788,-89.64001397,1.144282639
2516085,38.61586787,-89.64001332,1.145686388
2516089,38.61586786,-89.64001267,1.146660407
2516093,38.61586784,-89.64001202,1.147634427
2516097,38.61586783,-89.64001136,1.148608446
2516101,38.61586781,-89.64001071,1.148579836
2516105,38.6158678,-89.64001006,1.148551226
2516109,38.61586778,-89.64000941,1.14719522
2516113,38.61586777,-89.64000875,1.145839214
2516117,38.61586776,-89.64000815,1.144483209
2516121,38.61586775,-89.64000755,1.141732991
2516125,38.61586774,-89.64000694,1.138982773
2516129,38.61586772,-89.64000634,1.139288346
2516133,38.61586771,-89.64000574,1.139593919
2516137,38.6158677,-89.64000513,1.139899492
2516141,38.61586769,-89.64000453,1.137063384
2516145,38.61586768,-89.64000392,1.134227276
2516149,38.61586767,-89.64000332,1.132661184
2516153,38.61586766,-89.64000272,1.131095092
2516157,38.61586764,-89.64000211,1.129528999
2516161,38.61586763,-89.64000151,1.12941438
2516165,38.61586762,-89.64000091,1.12929976
2516169,38.61586761,-89.64000026,1.130884965
2516173,38.6158676,-89.63999961,1.132470171
2516177,38.61586759,-89.63999896,1.134055376
2516181,38.61586757,-89.63999831,1.133969426
2516185,38.61586756,-89.63999766,1.133883476
2516189,38.61586755,-89.63999701,1.133310517
2516193,38.61586754,-89.63999636,1.132737557
2516197,38.61586753,-89.63999571,1.132164598
2516201,38.61586752,-89.63999506,1.130531669
2516205,38.6158675,-89.63999441,1.12889874
2516209,38.61586749,-89.63999376,1.126683315
2516213,38.61586748,-89.63999311,1.124467889
2516217,38.61586747,-89.63999246,1.122252464
2516221,38.61586745,-89.6399918,1.119559526
2516225,38.61586744,-89.63999115,1.116866589
2516229,38.61586743,-89.6399905,1.116522829
2516233,38.61586741,-89.63998985,1.116179069
2516237,38.6158674,-89.6399892,1.115835309
2516241,38.61586739,-89.63998855,1.118041217
2516245,38.61586737,-89.6399879,1.120247126
2516249,38.61586736,-89.63998725,1.120743672
2516253,38.61586735,-89.6399866,1.121240218
2516257,38.61586733,-89.63998595,1.121736765
2516261,38.61586732,-89.6399853,1.123169184
2516265,38.61586731,-89.6399847,1.124601603
2516269,38.6158673,-89.6399841,1.123398383
2516273,38.61586729,-89.6399835,1.122195164
2516277,38.61586728,-89.63998289,1.120991945
2516281,38.61586727,-89.63998229,1.116465569
2516285,38.61586726,-89.63998169,1.111939192
2516289,38.61586725,-89.63998109,1.110392213
2516293,38.61586724,-89.63998048,1.108845234
2516297,38.61586723,-89.63997988,1.107298255
2516301,38.61586722,-89.63997928,1.104290247
2516305,38.61586721,-89.63997868,1.101282239
2516309,38.6158672,-89.63997808,1.101339499
2516313,38.61586719,-89.63997747,1.101396759
2516317,38.61586717,-89.63997687,1.10145402
2516321,38.61586716,-89.63997627,1.102170229
2516325,38.61586715,-89.63997567,1.102886438
2516329,38.61586714,-89.63997507,1.102905552
2516333,38.61586712,-89.63997447,1.102924665
2516337,38.61586711,-89.63997387,1.102943778
2516341,38.6158671,-89.63997326,1.104519427
2516345,38.61586709,-89.63997266,1.106095076
2516349,38.61586708,-89.63997206,1.105159243
2516353,38.61586706,-89.63997146,1.10422341
2516357,38.61586705,-89.63997086,1.103287578
2516361,38.61586704,-89.63997026,1.103889167
2516365,38.61586703,-89.63996966,1.104490757
2516369,38.61586702,-89.63996901,1.102790991
2516373,38.615867,-89.63996836,1.101091226
2516377,38.61586699,-89.63996771,1.09939146
2516381,38.61586698,-89.63996706,1.092917025
2516385,38.61586697,-89.63996641,1.08644259
2516389,38.61586696,-89.63996576,1.08649989
2516393,38.61586694,-89.63996511,1.08655719
2516397,38.61586693,-89.63996446,1.08661449
2516401,38.61586692,-89.63996381,1.083434582
2516405,38.61586691,-89.63996316,1.080254674
2516409,38.6158669,-89.6399625,1.082260013
2516413,38.61586689,-89.63996185,1.084265351
2516417,38.61586687,-89.63996121,1.08627069
2516421,38.61586686,-89.63996056,1.087302029
2516425,38.61586685,-89.63995991,1.088333368
2516429,38.61586683,-89.63995926,1.089326501
2516433,38.61586682,-89.63995861,1.090319633
2516437,38.6158668,-89.63995796,1.091312766
2516441,38.61586679,-89.63995731,1.092086256
2516445,38.61586678,-89.63995666,1.092859745
2516449,38.61586676,-89.63995601,1.09052972
2516453,38.61586675,-89.63995536,1.088199695
2516457,38.61586674,-89.63995471,1.08586967
2516461,38.61586672,-89.63995406,1.080884933
2516465,38.61586671,-89.63995346,1.075900197
2516469,38.6158667,-89.63995286,1.075422724
2516473,38.61586669,-89.63995227,1.074945251
2516477,38.61586668,-89.63995167,1.074467778
2516481,38.61586667,-89.63995107,1.070944071
2516485,38.61586666,-89.63995047,1.067420363
2516489,38.61586665,-89.63994987,1.06728669
2516493,38.61586664,-89.63994927,1.067153017
2516497,38.61586663,-89.63994868,1.067019343
2516501,38.61586662,-89.63994808,1.067191184
2516505,38.61586661,-89.63994748,1.067363024
2516509,38.6158666,-89.63994688,1.067668637
2516513,38.61586659,-89.63994628,1.06797425
2516517,38.61586658,-89.63994568,1.068279862
2516521,38.61586657,-89.63994508,1.073149979
2516525,38.61586656,-89.63994448,1.078020096
2516529,38.61586654,-89.63994388,1.078573942
2516533,38.61586653,-89.63994328,1.079127789
2516537,38.61586652,-89.63994268,1.079681635
2516541,38.61586651,-89.63994208,1.081142724
2516545,38.6158665,-89.63994148,1.082603812
2516549,38.61586649,-89.63994088,1.081629753
2516553,38.61586648,-89.63994028,1.080655694
2516557,38.61586647,-89.63993968,1.079681635
2516561,38.61586646,-89.63993908,1.076157987
2516565,38.61586644,-89.63993848,1.072634339
2516569,38.61586643,-89.63993783,1.071583907
2516573,38.61586642,-89.63993717,1.070533474
2516577,38.61586641,-89.63993652,1.069483042
2516581,38.6158664,-89.63993587,1.070944071
2516585,38.61586639,-89.63993522,1.0724051
2516589,38.61586637,-89.63993457,1.074219465
2516593,38.61586636,-89.63993392,1.076033831
2516597,38.61586635,-89.63993327,1.077848196
2516601,38.61586634,-89.63993262,1.082832932
2516605,38.61586633,-89.63993197,1.087817669
2516609,38.61586631,-89.63993131,1.089842121
2516613,38.6158663,-89.63993066,1.091866573
2516617,38.61586629,-89.63993001,1.093891025
2516621,38.61586628,-89.63992936,1.096010983
2516625,38.61586626,-89.63992871,1.098130941
2516629,38.61586625,-89.63992806,1.096259276
2516633,38.61586624,-89.63992741,1.094387611
2516637,38.61586623,-89.63992676,1.092515945
2516641,38.61586621,-89.63992611,1.089307368
2516645,38.6158662,-89.63992546,1.08609879
2516649,38.61586619,-89.63992481,1.085621317
2516653,38.61586618,-89.63992415,1.085143844
2516657,38.61586616,-89.6399235,1.084666371
2516661,38.61586615,-89.63992285,1.08667177
2516665,38.61586614,-89.63992225,1.088677168
2516669,38.61586613,-89.63992165,1.09047242
2516673,38.61586612,-89.63992106,1.092267672
2516677,38.6158661,-89.63992046,1.094062924
2516681,38.61586609,-89.63991986,1.098130941
2516685,38.61586608,-89.63991926,1.102198958
2516689,38.61586607,-89.63991866,1.104528983
2516693,38.61586606,-89.63991806,1.106859008
2516697,38.61586604,-89.63991746,1.109189034
2516701,38.61586603,-89.63991686,1.109590113
2516705,38.61586602,-89.63991626,1.109991193
2516709,38.61586601,-89.63991566,1.110392253
2516713,38.615866,-89.63991506,1.110793312
2516717,38.61586598,-89.63991441,1.111194372
2516721,38.61586597,-89.63991376,1.107326925
2516725,38.61586596,-89.63991311,1.103459477
2516729,38.61586595,-89.63991245,1.103554964
2516733,38.61586593,-89.6399118,1.103650451
2516737,38.61586592,-89.63991115,1.103745937
2516741,38.61586591,-89.6399105,1.104490757
2516745,38.6158659,-89.63990985,1.105235577
2516749,38.61586588,-89.6399092,1.106878042
2516753,38.61586587,-89.63990854,1.108520508
2516757,38.61586586,-89.63990789,1.110162973
2516761,38.61586585,-89.63990724,1.114001811
2516765,38.61586584,-89.63990664,1.117840648
2516769,38.61586583,-89.63990604,1.119960586
2516773,38.61586582,-89.63990544,1.122080525
2516777,38.61586581,-89.63990484,1.124200463
2516781,38.61586579,-89.63990424,1.123512924
2516785,38.61586578,-89.63990364,1.122825384
2516789,38.61586577,-89.63990304,1.122004151
2516793,38.61586576,-89.63990243,1.121182919
2516797,38.61586575,-89.63990183,1.120361686
2516801,38.61586574,-89.63990123,1.119301736
2516805,38.61586573,-89.63990063,1.118241787
2516809,38.61586572,-89.63990003,1.116255522
2516813,38.61586571,-89.63989943,1.114269257
2516817,38.6158657,-89.63989878,1.112282991
2516821,38.61586569,-89.63989813,1.110363543
2516825,38.61586568,-89.63989748,1.108444095
2516829,38.61586567,-89.63989683,1.108864268
2516833,38.61586566,-89.63989618,1.109284441
2516837,38.61586565,-89.63989553,1.109704614
2516841,38.61586564,-89.63989488,1.110048413
2516845,38.61586563,-89.63989423,1.110392213
2516849,38.61586562,-89.63989358,1.112913211
2516853,38.61586561,-89.63989293,1.11543421
2516857,38.6158656,-89.63989228,1.117955208
2516861,38.61586559,-89.63989163,1.118900597
2516865,38.61586558,-89.63989103,1.119845986
2516869,38.61586557,-89.63989043,1.120514433
2516873,38.61586556,-89.63988983,1.121182879
2516877,38.61586555,-89.63988922,1.121851325
2516881,38.61586554,-89.63988862,1.120390296
2516885,38.61586553,-89.63988802,1.118929267
2516889,38.61586551,-89.63988742,1.117153088
2516893,38.6158655,-89.63988682,1.11537691
2516897,38.61586549,-89.63988622,1.113600731
2516901,38.61586548,-89.63988562,1.113400221
2516905,38.61586547,-89.63988501,1.113199711
2516909,38.61586546,-89.63988441,1.112722238
2516913,38.61586545,-89.63988381,1.112244765
2516917,38.61586543,-89.63988316,1.111767292
2516921,38.61586542,-89.63988251,1.113342941
2516925,38.61586541,-89.63988186,1.11491859
2516929,38.61586539,-89.63988122,1.116981228
2516933,38.61586538,-89.63988057,1.119043867
2516937,38.61586537,-89.63987992,1.121106505
2516941,38.61586535,-89.63987927,1.124973953
2516945,38.61586534,-89.63987862,1.1288414
2516949,38.61586533,-89.63987797,1.129834533
2516953,38.61586531,-89.63987732,1.130827665
2516957,38.6158653,-89.63987668,1.131820798
2516961,38.61586529,-89.63987603,1.130789518
2516965,38.61586528,-89.63987543,1.129758239
2516969,38.61586527,-89.63987483,1.128058434
2516973,38.61586526,-89.63987424,1.126358628
2516977,38.61586525,-89.63987364,1.124658823
2516981,38.61586524,-89.63987304,1.120075166
2516985,38.61586523,-89.63987244,1.115491509
2516989,38.61586522,-89.63987185,1.115166823
2516993,38.61586521,-89.63987125,1.114842137
2516997,38.6158652,-89.63987065,1.11451745
2517001,38.61586519,-89.63987005,1.1147753
2517005,38.61586518,-89.63986946,1.11503315
2517009,38.61586517,-89.63986886,1.115243236
2517013,38.61586516,-89.63986826,1.115453323
2517017,38.61586515,-89.63986766,1.115663409
2517021,38.61586514,-89.63986706,1.116866648
2517025,38.61586513,-89.63986647,1.118069887
2517029,38.61586512,-89.63986587,1.118986607
2517033,38.61586511,-89.63986527,1.119903326
2517037,38.6158651,-89.63986467,1.120820045
2517041,38.61586509,-89.63986407,1.121650815
2517045,38.61586509,-89.63986347,1.122481585
2517049,38.61586508,-89.63986287,1.121392965
2517053,38.61586507,-89.63986227,1.120304346
2517057,38.61586506,-89.63986167,1.119215727
2517061,38.61586505,-89.63986107,1.117296338
2517065,38.61586504,-89.63986047,1.115376949
2517069,38.61586503,-89.63985982,1.113161524
2517073,38.61586502,-89.63985917,1.110946099
2517077,38.615865,-89.63985852,1.108730674
2517081,38.61586499,-89.63985787,1.105522096
2517085,38.61586498,-89.63985723,1.102313519
2517089,38.61586497,-89.63985658,1.102389892
2517093,38.61586496,-89.63985593,1.102466265
2517097,38.61586495,-89.63985528,1.102542639
2517101,38.61586494,-89.63985463,1.104633987
2517105,38.61586493,-89.63985398,1.106725335
2517109,38.61586491,-89.63985333,1.107833028
2517113,38.6158649,-89.63985268,1.108940721
2517117,38.61586489,-89.63985203,1.110048413
2517121,38.61586488,-89.63985138,1.11425966
2517125,38.61586487,-89.63985073,1.118470907
2517129,38.61586486,-89.63985008,1.119444927
2517133,38.61586484,-89.63984943,1.120418946
2517137,38.61586483,-89.63984878,1.121392965
2517141,38.61586482,-89.63984813,1.117869318
2517145,38.61586481,-89.63984748,1.11434567
2517149,38.6158648,-89.63984683,1.111442685
2517153,38.61586479,-89.63984618,1.108539701
2517157,38.61586477,-89.63984553,1.105636716
2517161,38.61586476,-89.63984488,1.101310849
2517165,38.61586475,-89.63984428,1.096984982
2517169,38.61586474,-89.63984368,1.095056017
2517173,38.61586473,-89.63984308,1.093127052
2517177,38.61586472,-89.63984247,1.091198087
2517181,38.61586471,-89.63984187,1.091885626
2517185,38.6158647,-89.63984127,1.092573166
2517189,38.61586469,-89.63984067,1.094062885
2517193,38.61586468,-89.63984007,1.095552603
2517197,38.61586467,-89.63983947,1.097042322
2517201,38.61586466,-89.63983887,1.102456748
2517205,38.61586465,-89.63983826,1.107871175
2517209,38.61586464,-89.63983766,1.10991474
2517213,38.61586463,-89.63983706,1.111958305
2517217,38.61586462,-89.63983641,1.11400187
2517221,38.61586461,-89.63983576,1.115147769
2517225,38.6158646,-89.63983511,1.116293669
2517229,38.61586459,-89.63983446,1.116083582
2517233,38.61586458,-89.63983381,1.115873496
2517237,38.61586457,-89.63983316,1.115663409
2517241,38.61586456,-89.63983251,1.109188974
2517245,38.61586455,-89.63983186,1.102714539
2517249,38.61586454,-89.63983121,1.101797819
2517253,38.61586453,-89.63983056,1.1008811
2517257,38.61586452,-89.63982991,1.09996438
2517261,38.61586451,-89.63982926,1.09987843
2517265,38.6158645,-89.63982866,1.09979248
2517269,38.61586449,-89.63982806,1.101759632
2517273,38.61586447,-89.63982746,1.103726784
2517277,38.61586446,-89.63982687,1.105693936
2517281,38.61586445,-89.63982627,1.109704673
2517285,38.61586444,-89.63982567,1.11371541
2517289,38.61586443,-89.63982507,1.116809368
2517293,38.61586442,-89.63982447,1.119903326
2517297,38.61586441,-89.63982387,1.122997284
2517301,38.61586439,-89.63982327,1.124859393
2517305,38.61586438,-89.63982267,1.126721501
2517309,38.61586437,-89.63982208,1.124697049
2517313,38.61586436,-89.63982148,1.122672598
2517317,38.61586435,-89.63982088,1.120648146
2517321,38.61586434,-89.63982028,1.118528187
2517325,38.61586433,-89.63981968,1.116408229
2517329,38.61586432,-89.63981908,1.116923889
2517333,38.61586431,-89.63981848,1.117439548
2517337,38.6158643,-89.63981788,1.117955208
2517341,38.61586429,-89.63981728,1.118585467
2517345,38.61586428,-89.63981668,1.119215727
2517349,38.61586427,-89.63981609,1.119559526
2517353,38.61586426,-89.63981549,1.119903326
2517357,38.61586425,-89.63981489,1.120247126
2517361,38.61586424,-89.63981429,1.122195184
2517365,38.61586423,-89.63981369,1.124143243
2517369,38.61586421,-89.63981304,1.125881195
2517373,38.6158642,-89.63981239,1.127619147
2517377,38.61586419,-89.63981174,1.1293571
2517381,38.61586418,-89.6398111,1.131964087
2517385,38.61586417,-89.63981045,1.134571075
2517389,38.61586416,-89.6398098,1.135506908
2517393,38.61586414,-89.63980915,1.136442741
2517397,38.61586413,-89.6398085,1.137378573
2517401,38.61586412,-89.63980785,1.137750983
2517405,38.61586411,-89.6398072,1.138123393
2517409,38.6158641,-89.63980655,1.136538188
2517413,38.61586409,-89.63980591,1.134952982
2517417,38.61586408,-89.63980526,1.133367777
2517421,38.61586407,-89.63980461,1.132708907
2517425,38.61586406,-89.63980396,1.132050037
2517429,38.61586405,-89.63980331,1.13252751
2517433,38.61586404,-89.63980266,1.133004983
2517437,38.61586403,-89.63980201,1.133482456
2517441,38.61586402,-89.63980136,1.135201335
2517445,38.61586401,-89.63980072,1.136920214
2517449,38.615864,-89.63980007,1.138314406
2517453,38.61586399,-89.63979942,1.139708598
2517457,38.61586398,-89.63979877,1.141102791
2517461,38.61586397,-89.63979812,1.14285028
2517465,38.61586396,-89.63979752,1.144597769
2517469,38.61586395,-89.63979693,1.145953774
2517473,38.61586394,-89.63979633,1.14730978
2517477,38.61586393,-89.63979574,1.148665786
2517481,38.61586392,-89.63979514,1.148236096
2517485,38.61586391,-89.63979454,1.147806406
2517489,38.6158639,-89.63979395,1.14708066
2517493,38.61586388,-89.63979335,1.146354914
2517497,38.61586387,-89.63979276,1.145629168
2517501,38.61586386,-89.63979216,1.14293623
2517505,38.61586385,-89.63979156,1.140243292
2517509,38.61586384,-89.63979097,1.139975905
2517513,38.61586383,-89.63979037,1.139708519
2517517,38.61586382,-89.63978977,1.139441133
2517521,38.61586381,-89.63978918,1.140873551
2517525,38.6158638,-89.63978858,1.14230597
2517529,38.61586379,-89.63978798,1.142172257
2517533,38.61586378,-89.63978738,1.142038544
2517537,38.61586377,-89.63978679,1.141904831
2517541,38.61586376,-89.63978619,1.144339919
2517545,38.61586375,-89.63978559,1.146775007
2517549,38.61586374,-89.63978499,1.148245613
2517553,38.61586373,-89.63978439,1.149716218
2517557,38.61586372,-89.6397838,1.151186824
2517561,38.61586371,-89.6397832,1.153106213
2517565,38.6158637,-89.6397826,1.155025601
2517569,38.61586369,-89.63978195,1.154529055
2517573,38.61586368,-89.6397813,1.154032509
2517577,38.61586367,-89.63978064,1.153535962
2517581,38.61586366,-89.63977999,1.151616514
2517585,38.61586364,-89.63977934,1.149697065
2517589,38.61586363,-89.63977869,1.149257819
2517593,38.61586362,-89.63977803,1.148818572
2517597,38.61586361,-89.63977738,1.148379326
2517601,38.6158636,-89.63977673,1.148407996
2517605,38.61586359,-89.63977607,1.148436666
2517609,38.61586358,-89.63977542,1.148016493
2517613,38.61586357,-89.63977477,1.14759632
2517617,38.61586356,-89.63977412,1.147176147
2517621,38.61586355,-89.63977347,1.149353385
2517625,38.61586354,-89.63977282,1.151530623
2517629,38.61586353,-89.63977217,1.153153976
2517633,38.61586352,-89.63977152,1.154777328
2517637,38.61586351,-89.63977087,1.156400681
2517641,38.6158635,-89.63977022,1.15662986
2517645,38.61586349,-89.63976957,1.15685904
2517649,38.61586348,-89.63976892,1.155961434
2517653,38.61586347,-89.63976828,1.155063828
2517657,38.61586346,-89.63976763,1.154166222
2517661,38.61586345,-89.63976698,1.151903033
2517665,38.61586344,-89.63976638,1.149639845
2517669,38.61586343,-89.63976578,1.14713792
2517673,38.61586342,-89.63976518,1.144635995
2517677,38.61586341,-89.63976458,1.14213407
2517681,38.6158634,-89.63976397,1.138810933
2517685,38.61586339,-89.63976337,1.135487795
2517689,38.61586338,-89.63976277,1.13378799
2517693,38.61586337,-89.63976217,1.132088184
2517697,38.61586336,-89.63976157,1.130388379
2517701,38.61586335,-89.63976097,1.130388379
2517705,38.61586334,-89.63976037,1.130388379
2517709,38.61586333,-89.63975977,1.131801685
2517713,38.61586332,-89.63975917,1.13321499
2517717,38.61586331,-89.63975871,1.134628296
2517721,38.61586331,-89.63975825,1.135172606
2517725,38.6158633,-89.63975779,1.135716915
2517729,38.61586329,-89.63975733,1.136328061
2517733,38.61586329,-89.63975687,1.136939208
2517737,38.61586328,-89.63975641,1.137550354
2517741,38.61586327,-89.63975595,1.136662304
2517745,38.61586327,-89.63975549,1.135774255
2517749,38.61586326,-89.63975503,1.13315773
2517753,38.61586325,-89.63975457,1.130541205
2517757,38.61586325,-89.63975411,1.127924681
2517761,38.61586324,-89.63975365,1.125403702
2517765,38.61586323,-89.63975319,1.122882724
2517769,38.61586323,-89.63975273,1.122558037
2517773,38.61586322,-89.63975227,1.122233351
2517777,38.61586321,-89.63975181,1.121908665
2517781,38.61586321,-89.63975135,1.122653484
2517785,38.61586319,-89.63975038,1.123398304
2517789,38.61586317,-89.6397494,1.123589317
2517793,38.61586316,-89.63974842,1.12378033
2517797,38.61586314,-89.63974745,1.123971343
2517801,38.61586313,-89.63974647,1.126463711
2517805,38.61586311,-89.63974549,1.128956079
2517809,38.61586309,-89.63974452,1.129872799
2517813,38.61586308,-89.63974354,1.130789518
2517817,38.61586306,-89.63974289,1.131706238
2517821,38.61586305,-89.63974224,1.130818129
2517825,38.61586304,-89.6397416,1.129930019
2517829,38.61586303,-89.63974095,1.129548073
2517833,38.61586302,-89.6397403,1.129166126
2517837,38.61586301,-89.63973965,1.12878418
2517841,38.615863,-89.639739,1.126520991
2517845,38.61586299,-89.63973835,1.124257803
2517849,38.61586298,-89.63973771,1.121965965
2517853,38.61586297,-89.63973706,1.119674126
2517857,38.61586296,-89.63973641,1.117382288
2517861,38.61586295,-89.63973576,1.116780698
2517865,38.61586294,-89.63973516,1.116179109
2517869,38.61586293,-89.63973456,1.116389195
2517873,38.61586292,-89.63973396,1.116599282
2517877,38.61586291,-89.63973336,1.116809368
2517881,38.6158629,-89.63973276,1.118241727
2517885,38.61586289,-89.63973216,1.119674087
2517889,38.61586288,-89.63973156,1.122653484
2517893,38.61586287,-89.63973096,1.125632882
2517897,38.61586286,-89.63973036,1.12861228
2517901,38.61586285,-89.63972977,1.12887013
2517905,38.61586284,-89.63972917,1.129127979
2517909,38.61586283,-89.63972857,1.12792476
2517913,38.61586282,-89.63972797,1.126721541
2517917,38.61586281,-89.63972737,1.125518322
2517921,38.6158628,-89.63972677,1.121020615
2517925,38.61586279,-89.63972617,1.116522908
2517929,38.61586278,-89.63972557,1.112951438
2517933,38.61586277,-89.63972497,1.109379967
2517937,38.61586276,-89.63972437,1.105808496
2517941,38.61586276,-89.63972377,1.102800488
2517945,38.61586275,-89.63972318,1.09979248
2517949,38.61586274,-89.63972258,1.100117167
2517953,38.61586273,-89.63972198,1.100441853
2517957,38.61586272,-89.63972138,1.10076654
2517961,38.61586271,-89.63972078,1.101711929
2517965,38.6158627,-89.63972018,1.102657318
2517969,38.61586269,-89.63971953,1.103402138
2517973,38.61586269,-89.63971888,1.104146957
2517977,38.61586268,-89.63971823,1.104891777
2517981,38.61586267,-89.63971758,1.104719937
2517985,38.61586266,-89.63971693,1.104548097
2517989,38.61586265,-89.63971628,1.102580905
2517993,38.61586265,-89.63971563,1.100613713
2517997,38.61586264,-89.63971498,1.098646522
2518001,38.61586263,-89.63971433,1.097156882
2518005,38.61586262,-89.63971368,1.095667243
2518009,38.61586261,-89.63971303,1.092324972
2518013,38.6158626,-89.63971238,1.088982701
2518017,38.6158626,-89.63971178,1.08564043
2518021,38.61586259,-89.63971118,1.083205342
2518025,38.61586258,-89.63971058,1.080770254
2518029,38.61586257,-89.63970999,1.079414248
2518033,38.61586256,-89.63970939,1.078058243
2518037,38.61586256,-89.63970879,1.076702237
2518041,38.61586255,-89.63970819,1.077647626
2518045,38.61586254,-89.6397076,1.078593016
2518049,38.61586253,-89.639707,1.080082734
2518053,38.61586252,-89.6397064,1.081572453
2518057,38.61586251,-89.6397058,1.083062172
2518061,38.61586251,-89.6397052,1.0854972
2518065,38.6158625,-89.63970461,1.087932229
2518069,38.61586249,-89.63970396,1.089402835
2518073,38.61586247,-89.63970331,1.09087344
2518077,38.61586246,-89.63970267,1.092344046
2518081,38.61586245,-89.63970202,1.096010983
2518085,38.61586244,-89.63970137,1.09967792
2518089,38.61586243,-89.63970072,1.098913987
2518093,38.61586242,-89.63970008,1.098150055
2518097,38.61586241,-89.63969943,1.097386122
2518101,38.61586239,-89.63969878,1.096755862
2518105,38.61586238,-89.63969814,1.096125603
2518109,38.61586237,-89.63969749,1.09553353
2518113,38.61586236,-89.63969684,1.094941457
2518117,38.61586235,-89.63969619,1.094349384
2518121,38.61586234,-89.63969553,1.096727192
2518125,38.61586233,-89.63969488,1.099105
2518129,38.61586231,-89.63969423,1.100862066
2518133,38.6158623,-89.63969357,1.102619131
2518137,38.61586229,-89.63969292,1.104376197
2518141,38.61586228,-89.63969227,1.107498825
2518145,38.61586227,-89.63969161,1.110621452
2518149,38.61586226,-89.63969096,1.113524437
2518153,38.61586224,-89.63969031,1.116427422
2518157,38.61586223,-89.63968965,1.119330406
2518161,38.61586222,-89.639689,1.123512983
2518165,38.61586221,-89.6396884,1.12769556
2518169,38.6158622,-89.6396878,1.12889878
2518173,38.61586219,-89.6396872,1.130101999
2518177,38.61586218,-89.6396866,1.131305218
2518181,38.61586217,-89.639686,1.12901336
2518185,38.61586216,-89.6396854,1.126721501
2518189,38.61586215,-89.6396848,1.126893401
2518193,38.61586214,-89.6396842,1.127065301
2518197,38.61586213,-89.63968359,1.127237201
2518201,38.61586212,-89.63968299,1.126979351
2518205,38.61586211,-89.63968239,1.126721501
2518209,38.6158621,-89.63968179,1.129605373
2518213,38.61586209,-89.63968119,1.132489244
2518217,38.61586208,-89.63968054,1.135373116
2518221,38.61586207,-89.63967989,1.139040053
2518225,38.61586206,-89.63967925,1.14270699
2518229,38.61586205,-89.6396786,1.145896475
2518233,38.61586204,-89.63967795,1.149085959
2518237,38.61586203,-89.6396773,1.152275443
2518241,38.61586202,-89.63967665,1.153621912
2518245,38.61586201,-89.639676,1.154968381
2518249,38.615862,-89.63967535,1.157183806
2518253,38.61586199,-89.6396747,1.159399231
2518257,38.61586198,-89.63967405,1.161614656
2518261,38.61586197,-89.6396734,1.162216246
2518265,38.61586195,-89.6396728,1.162817836
2518269,38.61586194,-89.6396722,1.163562695
2518273,38.61586193,-89.63967159,1.164307555
2518277,38.61586192,-89.63967099,1.165052414
2518281,38.61586191,-89.63967039,1.165539384
2518285,38.6158619,-89.63966978,1.166026354
2518289,38.61586189,-89.63966918,1.167248686
2518293,38.61586188,-89.63966857,1.168471018
2518297,38.61586187,-89.63966797,1.169693351
2518301,38.61586186,-89.63966737,1.17121166
2518305,38.61586184,-89.63966676,1.172729969
2518309,38.61586183,-89.63966616,1.174506148
2518313,38.61586182,-89.63966556,1.176282326
2518317,38.61586181,-89.6396649,1.178058505
2518321,38.6158618,-89.63966425,1.183730781
2518325,38.61586179,-89.6396636,1.189403057
2518329,38.61586177,-89.63966295,1.191599409
2518333,38.61586176,-89.6396623,1.19379576
2518337,38.61586175,-89.63966165,1.195992112
2518341,38.61586174,-89.63966099,1.198140681
2518345,38.61586173,-89.63966034,1.200289249
2518349,38.61586171,-89.63965969,1.19988819
2518353,38.6158617,-89.63965904,1.19948713
2518357,38.61586169,-89.63965839,1.19908607
2518361,38.61586168,-89.63965774,1.19985956
2518365,38.61586167,-89.63965714,1.200633049
2518369,38.61586166,-89.63965654,1.198895097
2518373,38.61586165,-89.63965594,1.197157145
2518377,38.61586164,-89.63965534,1.195419192
2518381,38.61586163,-89.63965474,1.195361853
2518385,38.61586162,-89.63965414,1.195304513
2518389,38.61586161,-89.63965354,1.197042505
2518393,38.6158616,-89.63965294,1.198780497
2518397,38.61586159,-89.63965234,1.200518489
2518401,38.61586158,-89.63965174,1.203211367
2518405,38.61586158,-89.63965114,1.205904245
2518409,38.61586157,-89.63965054,1.20794781
2518413,38.61586156,-89.63964994,1.209991376
2518417,38.61586155,-89.63964928,1.212034941
2518421,38.61586153,-89.63964863,1.214068949
2518425,38.61586152,-89.63964798,1.216102958
2518429,38.61586151,-89.63964733,1.217191577
2518433,38.6158615,-89.63964668,1.218280196
2518437,38.61586148,-89.63964603,1.219368815
2518441,38.61586147,-89.63964538,1.220256865
2518445,38.61586146,-89.63964473,1.221144915
2518449,38.61586145,-89.63964407,1.219368776
2518453,38.61586143,-89.63964342,1.217592637
2518457,38.61586142,-89.63964277,1.215816498
2518461,38.61586141,-89.63964212,1.214470029
2518465,38.6158614,-89.63964152,1.21312356
2518469,38.61586139,-89.63964092,1.213199933
2518473,38.61586138,-89.63964031,1.213276307
2518477,38.61586137,-89.63963971,1.21335268
2518481,38.61586136,-89.63963911,1.214355409
2518485,38.61586135,-89.63963851,1.215358138
2518489,38.61586134,-89.6396379,1.218566696
2518493,38.61586133,-89.6396373,1.221775254
2518497,38.61586132,-89.6396367,1.224983811
2518501,38.61586131,-89.6396361,1.225184321
2518505,38.6158613,-89.6396355,1.225384831
2518509,38.61586129,-89.63963489,1.225212932
2518513,38.61586127,-89.63963429,1.225041032
2518517,38.61586127,-89.6396339,1.224869132
2518521,38.61586126,-89.63963351,1.225413442
2518525,38.61586125,-89.63963312,1.225957751
2518529,38.61586124,-89.63963272,1.223856926
2518533,38.61586124,-89.63963233,1.221756101
2518537,38.61586123,-89.63963194,1.219655275
2518541,38.61586122,-89.63963155,1.216045618
2518545,38.61586121,-89.63963116,1.212435961
2518549,38.6158612,-89.63963077,1.211194555
2518553,38.6158612,-89.63963037,1.209953149
2518557,38.61586119,-89.63962998,1.208711743
2518561,38.61586118,-89.63962959,1.208482563
2518565,38.61586117,-89.6396292,1.208253384
2518569,38.61586116,-89.63962881,1.209361116
2518573,38.61586116,-89.63962841,1.210468849
2518577,38.61586115,-89.63962802,1.211576581
2518581,38.61586114,-89.63962763,1.21335274
2518585,38.61586113,-89.63962724,1.215128899
2518589,38.61586113,-89.63962685,1.216542204
2518593,38.61586112,-89.63962646,1.21795551
2518597,38.6158611,-89.63962548,1.219368815
2518601,38.61586108,-89.6396245,1.219110966
2518605,38.61586106,-89.63962352,1.218853116
2518609,38.61586105,-89.63962254,1.216885964
2518613,38.61586103,-89.63962157,1.214918812
2518617,38.61586101,-89.63962059,1.21295166
2518621,38.61586099,-89.63961961,1.210573912
2518625,38.61586097,-89.63961863,1.208196163
2518629,38.61586096,-89.63961776,1.20783329
2518633,38.61586094,-89.63961689,1.207470417
2518637,38.61586093,-89.63961602,1.207107544
2518641,38.61586091,-89.63961515,1.209084213
2518645,38.6158609,-89.63961428,1.211060882
2518649,38.61586089,-89.63961341,1.212225914
2518653,38.61586087,-89.63961255,1.213390946
2518657,38.61586086,-89.63961168,1.214555979
2518661,38.61586084,-89.63961081,1.217707217
2518665,38.61586083,-89.63961021,1.220858455
2518669,38.61586082,-89.63960961,1.222138047
2518673,38.61586081,-89.63960901,1.22341764
2518677,38.6158608,-89.63960841,1.224697232
2518681,38.61586079,-89.63960781,1.225069702
2518685,38.61586078,-89.63960721,1.225442171
2518689,38.61586077,-89.63960661,1.224162539
2518693,38.61586076,-89.63960601,1.222882907
2518697,38.61586075,-89.63960541,1.221603274
2518701,38.61586074,-89.63960481,1.218452036
2518705,38.61586073,-89.63960421,1.215300798
2518709,38.61586071,-89.63960361,1.215491772
2518713,38.6158607,-89.63960301,1.215682745
2518717,38.61586069,-89.63960236,1.215873718
2518721,38.61586068,-89.63960171,1.215816438
2518725,38.61586066,-89.63960106,1.215759158
2518729,38.61586065,-89.63960041,1.215014299
2518733,38.61586063,-89.63959976,1.214269439
2518737,38.61586062,-89.63959911,1.21352458
2518741,38.61586061,-89.63959846,1.21366781
2518745,38.61586059,-89.63959781,1.21381104
2518749,38.61586058,-89.63959716,1.214536786
2518753,38.61586056,-89.63959651,1.215262532
2518757,38.61586055,-89.63959586,1.215988278
2518761,38.61586053,-89.63959521,1.214498639
2518765,38.61586053,-89.63959461,1.213009
2518769,38.61586052,-89.63959401,1.212741613
2518773,38.61586051,-89.63959341,1.212474227
2518777,38.6158605,-89.6395928,1.212206841
2518781,38.61586049,-89.6395922,1.211863041
2518785,38.61586048,-89.6395916,1.211519241
2518789,38.61586047,-89.639591,1.210659822
2518793,38.61586046,-89.6395904,1.209800402
2518797,38.61586045,-89.6395898,1.208940983
2518801,38.61586044,-89.6395892,1.207422614
2518805,38.61586043,-89.6395886,1.205904245
2518809,38.61586043,-89.639588,1.201836268
2518813,38.61586042,-89.63958739,1.197768291
2518817,38.61586041,-89.63958674,1.193700314
2518821,38.61586039,-89.63958608,1.193499744
2518825,38.61586038,-89.63958543,1.193299174
2518829,38.61586037,-89.63958478,1.192630728
2518833,38.61586036,-89.63958412,1.191962282
2518837,38.61586035,-89.63958347,1.191293836
2518841,38.61586034,-89.63958281,1.191924095
2518845,38.61586033,-89.63958216,1.192554355
2518849,38.61586032,-89.6395815,1.191599409
2518853,38.61586031,-89.63958085,1.190644463
2518857,38.61586029,-89.63958019,1.189689517
2518861,38.61586028,-89.63957954,1.189288497
2518865,38.61586027,-89.63957893,1.188887477
2518869,38.61586026,-89.63957833,1.186481039
2518873,38.61586025,-89.63957773,1.184074601
2518877,38.61586024,-89.63957713,1.181668162
2518881,38.61586023,-89.63957652,1.178201795
2518885,38.61586022,-89.63957592,1.174735427
2518889,38.61586021,-89.63957532,1.174086054
2518893,38.6158602,-89.63957472,1.173436681
2518897,38.6158602,-89.63957411,1.172787309
2518901,38.61586019,-89.63957351,1.169234991
2518905,38.61586018,-89.63957291,1.165682673
2518909,38.61586017,-89.63957231,1.166255633
2518913,38.61586016,-89.63957171,1.166828593
2518917,38.61586015,-89.63957122,1.167401552
2518921,38.61586014,-89.63957073,1.168346941
2518925,38.61586013,-89.63957024,1.169292331
2518929,38.61586012,-89.63956975,1.172519962
2518933,38.61586011,-89.63956926,1.175747593
2518937,38.6158601,-89.63956877,1.178975224
2518941,38.61586009,-89.63956828,1.180980623
2518945,38.61586009,-89.63956779,1.182986021
2518949,38.61586008,-89.6395673,1.182699521
2518953,38.61586007,-89.63956681,1.182413022
2518957,38.61586006,-89.63956632,1.182126522
2518961,38.61586005,-89.63956583,1.179433644
2518965,38.61586004,-89.63956534,1.176740766
2518969,38.61586003,-89.63956485,1.174907287
2518973,38.61586002,-89.63956436,1.173073808
2518977,38.61586001,-89.63956387,1.17124033
2518981,38.61586,-89.63956299,1.169320941
2518985,38.61585998,-89.63956212,1.167401552
2518989,38.61585996,-89.63956125,1.168719331
2518993,38.61585994,-89.63956037,1.170037111
2518997,38.61585993,-89.6395595,1.17135489
2519001,38.61585991,-89.63955862,1.176311016
2519005,38.61585989,-89.63955775,1.181267142
2519009,38.61585987,-89.63955688,1.18481946
2519013,38.61585985,-89.639556,1.188371778
2519017,38.61585984,-89.6395554,1.191924095
2519021,38.61585983,-89.6395548,1.193642974
2519025,38.61585982,-89.63955419,1.195361853
2519029,38.61585981,-89.63955359,1.193929474
2519033,38.6158598,-89.63955299,1.192497094
2519037,38.61585979,-89.63955238,1.191064715
2519041,38.61585978,-89.63955178,1.187168598
2519045,38.61585977,-89.63955117,1.183272481
2519049,38.61585976,-89.63955057,1.180885156
2519053,38.61585975,-89.63954997,1.178497831
2519057,38.61585973,-89.63954936,1.176110506
2519061,38.61585972,-89.63954876,1.173131108
2519065,38.61585971,-89.63954816,1.170151711
2519069,38.6158597,-89.6395475,1.169693351
2519073,38.61585969,-89.63954685,1.169234991
2519077,38.61585968,-89.6395462,1.168776631
2519081,38.61585967,-89.63954554,1.168833911
2519085,38.61585966,-89.63954489,1.168891191
2519089,38.61585964,-89.63954424,1.168967605
2519093,38.61585963,-89.63954359,1.169044018
2519097,38.61585962,-89.63954293,1.169120431
2519101,38.61585961,-89.63954228,1.168633401
2519105,38.6158596,-89.63954163,1.168146372
2519109,38.61585959,-89.63954097,1.167745312
2519113,38.61585957,-89.63954032,1.167344252
2519117,38.61585956,-89.63953972,1.166943192
2519121,38.61585955,-89.63953911,1.165482104
2519125,38.61585954,-89.63953851,1.164021015
2519129,38.61585952,-89.63953791,1.160888871
2519133,38.61585951,-89.63953731,1.157756726
2519137,38.6158595,-89.6395367,1.154624581
2519141,38.61585949,-89.6395361,1.150442004
2519145,38.61585948,-89.6395355,1.146259427
2519149,38.61585946,-89.63953489,1.143509229
2519153,38.61585945,-89.63953429,1.140759031
2519157,38.61585944,-89.63953369,1.138008833
2519161,38.61585943,-89.63953308,1.135287285
2519165,38.61585941,-89.63953248,1.132565737
2519169,38.6158594,-89.63953183,1.133234183
2519173,38.61585939,-89.63953118,1.133902629
2519177,38.61585938,-89.63953052,1.134571075
2519181,38.61585937,-89.63952987,1.135659695
2519185,38.61585936,-89.63952922,1.136748314
2519189,38.61585935,-89.63952856,1.138581753
2519193,38.61585934,-89.63952791,1.140415192
2519197,38.61585933,-89.63952726,1.142248631
2519201,38.61585931,-89.6395266,1.140930831
2519205,38.6158593,-89.63952595,1.139613032
2519209,38.61585929,-89.6395253,1.135984302
2519213,38.61585928,-89.63952464,1.132355571
2519217,38.61585927,-89.63952399,1.12872684
2519221,38.61585926,-89.63952334,1.121822715
2519225,38.61585925,-89.63952269,1.11491859
2519229,38.61585924,-89.63952203,1.112340291
2519233,38.61585923,-89.63952138,1.109761993
2519237,38.61585922,-89.63952073,1.107183695
2519241,38.61585921,-89.63952008,1.105608046
2519245,38.61585919,-89.63951942,1.104032397
2519249,38.61585918,-89.63951877,1.104586244
2519253,38.61585917,-89.63951812,1.10514009
2519257,38.61585916,-89.63951747,1.105693936
2519261,38.61585915,-89.63951681,1.107384145
2519265,38.61585914,-89.63951621,1.109074354
2519269,38.61585913,-89.63951561,1.10945634
2519273,38.61585912,-89.63951501,1.109838327
2519277,38.61585911,-89.63951441,1.110220313
2519281,38.6158591,-89.63951381,1.109647334
2519285,38.61585909,-89.6395132,1.109074354
2519289,38.61585908,-89.6395126,1.108310421
2519293,38.61585906,-89.639512,1.107546488
2519297,38.61585905,-89.6395114,1.106782556
2519301,38.61585904,-89.6395108,1.1007092
2519305,38.61585903,-89.6395102,1.094635844
2519309,38.61585902,-89.6395096,1.090835214
2519313,38.61585901,-89.63950899,1.087034583
2519317,38.615859,-89.63950834,1.083233953
2519321,38.61585899,-89.63950768,1.080025434
2519325,38.61585898,-89.63950703,1.076816916
2519329,38.61585897,-89.63950637,1.07603387
2519333,38.61585896,-89.63950572,1.075250824
2519337,38.61585894,-89.63950506,1.074467778
2519341,38.61585893,-89.63950441,1.076072037
2519345,38.61585892,-89.63950375,1.077676296
2519349,38.61585891,-89.6395031,1.07740891
2519353,38.6158589,-89.63950244,1.077141523
2519357,38.61585889,-89.63950179,1.076874137
2519361,38.61585888,-89.63950113,1.076559007
2519365,38.61585887,-89.63950053,1.076243877
2519369,38.61585886,-89.63949993,1.074143052
2519373,38.61585885,-89.63949932,1.072042227
2519377,38.61585884,-89.63949872,1.069941401
2519381,38.61585883,-89.63949812,1.065787435
2519385,38.61585882,-89.63949751,1.061633468
2519389,38.61585881,-89.63949691,1.057699164
2519393,38.6158588,-89.63949631,1.05376486
2519397,38.61585879,-89.6394957,1.049830556
2519401,38.61585878,-89.6394951,1.042983711
2519405,38.61585877,-89.6394945,1.036136866
2519409,38.61585876,-89.63949389,1.036423365
2519413,38.61585875,-89.63949329,1.036709865
2519417,38.61585874,-89.63949264,1.036996365
2519421,38.61585872,-89.63949199,1.036394715
2519425,38.61585871,-89.63949134,1.035793066
2519429,38.61585869,-89.63949068,1.036671599
2519433,38.61585867,-89.63949003,1.037550131
2519437,38.61585866,-89.63948938,1.038428664
2519441,38.61585864,-89.63948873,1.040548623
2519445,38.61585863,-89.63948808,1.042668581
2519449,38.61585861,-89.63948743,1.042496681
2519453,38.6158586,-89.63948678,1.042324781
2519457,38.61585858,-89.63948612,1.042152882
2519461,38.61585857,-89.63948547,1.040519953
2519465,38.61585856,-89.63948487,1.038887024
2519469,38.61585855,-89.63948426,1.037798405
2519473,38.61585854,-89.63948366,1.036709785
2519477,38.61585853,-89.63948305,1.035621166
2519481,38.61585852,-89.63948245,1.033128798
2519485,38.61585851,-89.63948184,1.03063643
2519489,38.6158585,-89.63948124,1.029872497
2519493,38.61585849,-89.63948063,1.029108564
2519497,38.61585848,-89.63948003,1.028344631
2519501,38.61585847,-89.63947942,1.028287351
2519505,38.61585846,-89.63947882,1.028230071
2519509,38.61585845,-89.63947821,1.02989165
2519513,38.61585844,-89.63947761,1.031553229
2519517,38.61585843,-89.63947721,1.033214808
2519521,38.61585842,-89.63947682,1.038428724
2519525,38.61585842,-89.63947642,1.04364264
2519529,38.61585841,-89.63947603,1.044521173
2519533,38.6158584,-89.63947564,1.045399706
2519537,38.61585839,-89.63947524,1.046278238
2519541,38.61585839,-89.63947485,1.048655987
2519545,38.61585838,-89.63947445,1.051033735
2519549,38.61585837,-89.63947406,1.050709089
2519553,38.61585837,-89.63947367,1.050384442
2519557,38.61585836,-89.63947327,1.050059795
2519561,38.61585835,-89.63947288,1.048226297
2519565,38.61585834,-89.63947248,1.046392798
2519569,38.61585834,-89.63947209,1.045686165
2519573,38.61585833,-89.6394717,1.044979533
2519577,38.61585832,-89.6394713,1.0442729
2519581,38.61585831,-89.63947091,1.04404372
2519585,38.61585831,-89.63947051,1.04381454
2519589,38.6158583,-89.63947012,1.045418819
2519593,38.61585829,-89.63946973,1.047023098
2519597,38.61585827,-89.63946874,1.048627377
2519601,38.61585825,-89.63946776,1.048283577
2519605,38.61585823,-89.63946677,1.047939777
2519609,38.61585822,-89.63946579,1.050537189
2519613,38.6158582,-89.6394648,1.0531346
2519617,38.61585818,-89.63946382,1.055732012
2519621,38.61585816,-89.63946283,1.059771359
2519625,38.61585814,-89.63946185,1.063810706
2519629,38.61585812,-89.63946097,1.065395912
2519633,38.6158581,-89.6394601,1.066981117
2519637,38.61585808,-89.63945922,1.068566322
2519641,38.61585806,-89.63945835,1.069167912
2519645,38.61585805,-89.63945747,1.069769502
2519649,38.61585803,-89.6394566,1.069253842
2519653,38.61585801,-89.63945572,1.068738182
2519657,38.61585799,-89.63945484,1.068222523
2519661,38.61585797,-89.63945397,1.067620933
2519665,38.61585796,-89.63945337,1.067019343
2519669,38.61585795,-89.63945276,1.067878763
2519673,38.61585794,-89.63945216,1.068738182
2519677,38.61585792,-89.63945155,1.069597602
2519681,38.61585791,-89.63945095,1.072834849
2519685,38.6158579,-89.63945035,1.076072097
2519689,38.61585789,-89.63944974,1.079089642
2519693,38.61585788,-89.63944914,1.082107186
2519697,38.61585787,-89.63944854,1.085124731
2519701,38.61585785,-89.63944793,1.087473869
2519705,38.61585784,-89.63944733,1.089823008
2519709,38.61585783,-89.63944673,1.090720654
2519713,38.61585782,-89.63944612,1.091618299
2519717,38.6158578,-89.63944547,1.092515945
2519721,38.61585779,-89.63944481,1.097156882
2519725,38.61585777,-89.63944416,1.101797819
2519729,38.61585776,-89.63944351,1.101549546
2519733,38.61585775,-89.63944285,1.101301273
2519737,38.61585773,-89.6394422,1.101052999
2519741,38.61585772,-89.63944154,1.10039407
2519745,38.6158577,-89.63944089,1.099735141
2519749,38.61585769,-89.63944023,1.099811554
2519753,38.61585767,-89.63943958,1.099887967
2519757,38.61585766,-89.63943892,1.09996438
2519761,38.61585764,-89.63943827,1.10030818
2519765,38.61585763,-89.63943767,1.100651979
2519769,38.61585762,-89.63943706,1.101816972
2519773,38.61585761,-89.63943646,1.102981965
2519777,38.6158576,-89.63943586,1.104146957
2519781,38.61585758,-89.63943526,1.107183635
2519785,38.61585757,-89.63943465,1.110220313
2519789,38.61585756,-89.63943405,1.11405913
2519793,38.61585755,-89.63943345,1.117897948
2519797,38.61585753,-89.63943285,1.121736765
2519801,38.61585752,-89.63943224,1.124973953
2519805,38.61585751,-89.63943164,1.128211141
2519809,38.6158575,-89.63943104,1.12866954
2519813,38.61585749,-89.63943044,1.12912794
2519817,38.61585747,-89.63942978,1.129586339
2519821,38.61585746,-89.63942913,1.12878418
2519825,38.61585744,-89.63942847,1.12798202
2519829,38.61585743,-89.63942782,1.127141674
2519833,38.61585742,-89.63942716,1.126301328
2519837,38.6158574,-89.63942651,1.125460982
2519841,38.61585739,-89.63942585,1.125088573
2519845,38.61585738,-89.6394252,1.124716163
2519849,38.61585736,-89.63942454,1.125174522
2519853,38.61585735,-89.63942389,1.125632882
2519857,38.61585734,-89.63942323,1.126091242
2519861,38.61585732,-89.63942258,1.129872799
2519865,38.61585731,-89.63942198,1.133654356
2519869,38.6158573,-89.63942137,1.136691014
2519873,38.61585728,-89.63942077,1.139727672
2519877,38.61585727,-89.63942017,1.14276433
2519881,38.61585726,-89.63941957,1.145113468
2519885,38.61585724,-89.63941897,1.147462606
2519889,38.61585723,-89.63941837,1.14708062
2519893,38.61585722,-89.63941777,1.146698634
2519897,38.61585721,-89.63941717,1.146316648
2519901,38.61585719,-89.63941657,1.145285308
2519905,38.61585718,-89.63941597,1.144253969
2519909,38.61585717,-89.63941537,1.14287889
2519913,38.61585715,-89.63941477,1.141503811
2519917,38.61585714,-89.63941411,1.140128732
2519921,38.61585713,-89.63941346,1.139870882
2519925,38.61585712,-89.6394128,1.139613032
2519929,38.61585711,-89.63941215,1.138658126
2519933,38.61585709,-89.63941149,1.13770322
2519937,38.61585708,-89.63941084,1.136748314
2519941,38.61585707,-89.63941018,1.137006104
2519945,38.61585706,-89.63940953,1.137263894
2519949,38.61585704,-89.63940887,1.138409813
2519953,38.61585703,-89.63940822,1.139555732
2519957,38.61585702,-89.63940756,1.140701652
2519961,38.61585701,-89.63940691,1.1426211
2519965,38.615857,-89.63940638,1.144540548
2519969,38.61585699,-89.63940586,1.145590941
2519973,38.61585698,-89.63940533,1.146641334
2519977,38.61585697,-89.63940481,1.147691727
2519981,38.61585697,-89.63940428,1.148866296
2519985,38.61585696,-89.63940376,1.150040865
2519989,38.61585695,-89.63940324,1.149716179
2519993,38.61585694,-89.63940271,1.149391492
2519997,38.61585693,-89.63940219,1.149066806
2520001,38.61585692,-89.63940166,1.149124146
2520005,38.61585692,-89.63940114,1.149181485
2520009,38.61585691,-89.63940061,1.147978266
2520013,38.6158569,-89.63940009,1.146775047
2520017,38.61585689,-89.63939956,1.145571828
2520021,38.61585688,-89.63939904,1.146918297
2520025,38.61585687,-89.63939832,1.148264766
2520029,38.61585685,-89.63939761,1.148188353
2520033,38.61585683,-89.63939689,1.148111939
2520037,38.61585682,-89.63939618,1.148035526
2520041,38.6158568,-89.63939546,1.148522556
2520045,38.61585679,-89.63939475,1.149009585
2520049,38.61585677,-89.63939403,1.15128231
2520053,38.61585676,-89.63939332,1.153555036
2520057,38.61585674,-89.6393926,1.155827761
2520061,38.61585672,-89.63939189,1.15717423
2520065,38.61585671,-89.63939117,1.158520699
2520069,38.6158567,-89.63939052,1.158998171
2520073,38.61585668,-89.63938986,1.159475644
2520077,38.61585667,-89.63938921,1.159953117
2520081,38.61585665,-89.63938855,1.158148289
2520085,38.61585664,-89.6393879,1.15634346
2520089,38.61585663,-89.63938724,1.155484001
2520093,38.61585661,-89.63938659,1.154624542
2520097,38.6158566,-89.63938593,1.153765082
2520101,38.61585658,-89.63938528,1.153621852
2520105,38.61585657,-89.63938462,1.153478622
2520109,38.61585656,-89.63938397,1.153860609
2520113,38.61585654,-89.63938331,1.154242595
2520117,38.61585653,-89.63938265,1.154624581
2520121,38.61585652,-89.639382,1.15671587
2520125,38.61585651,-89.63938134,1.158807158
2520129,38.6158565,-89.63938068,1.160239538
2520133,38.61585649,-89.63938003,1.161671917
2520137,38.61585648,-89.63937937,1.163104296
2520141,38.61585647,-89.63937871,1.165768564
2520145,38.61585646,-89.63937806,1.168432832
2520149,38.61585645,-89.6393774,1.168719331
2520153,38.61585644,-89.63937674,1.169005831
2520157,38.61585643,-89.63937609,1.169292331
2520161,38.61585642,-89.63937543,1.168375552
2520165,38.61585641,-89.63937482,1.167458773
2520169,38.6158564,-89.63937422,1.167325099
2520173,38.61585639,-89.63937361,1.167191426
2520177,38.61585638,-89.63937301,1.167057753
2520181,38.61585637,-89.6393724,1.166484773
2520185,38.61585636,-89.63937179,1.165911794
2520189,38.61585634,-89.63937119,1.168814778
2520193,38.61585633,-89.63937058,1.171717763
2520197,38.61585632,-89.63936998,1.174620748
2520201,38.61585631,-89.63936937,1.177256346
2520205,38.6158563,-89.63936877,1.179891944
2520209,38.61585629,-89.63936816,1.181438963
2520213,38.61585628,-89.63936755,1.182985981
2520217,38.61585626,-89.6393669,1.184533
2520221,38.61585625,-89.63936624,1.188486397
2520225,38.61585623,-89.63936559,1.192439795
2520229,38.61585622,-89.63936493,1.193089128
2520233,38.6158562,-89.63936427,1.193738461
2520237,38.61585619,-89.63936362,1.194387794
2520241,38.61585617,-89.63936296,1.195447803
2520245,38.61585615,-89.63936231,1.196507812
2520249,38.61585614,-89.63936165,1.197252631
2520253,38.61585612,-89.63936099,1.197997451
2520257,38.61585611,-89.63936034,1.19874227
2520261,38.61585609,-89.63935968,1.200919509
2520265,38.61585608,-89.63935908,1.203096747
2520269,38.61585607,-89.63935847,1.203115861
2520273,38.61585606,-89.63935787,1.203134974
2520277,38.61585605,-89.63935727,1.203154087
2520281,38.61585604,-89.63935666,1.208110154
2520285,38.61585603,-89.63935606,1.21306622
2520289,38.61585602,-89.63935545,1.215911905
2520293,38.61585601,-89.63935485,1.21875759
2520297,38.615856,-89.63935424,1.221603274
2520301,38.61585599,-89.63935364,1.225814521
2520305,38.61585598,-89.63935304,1.230025768
2520309,38.61585597,-89.63935243,1.231916547
2520313,38.61585596,-89.63935183,1.233807325
2520317,38.61585595,-89.63935117,1.235698104
2520321,38.61585594,-89.63935052,1.236844003
2520325,38.61585593,-89.63934986,1.237989902
2520329,38.61585592,-89.6393492,1.237607916
2520333,38.61585591,-89.63934855,1.23722593
2520337,38.61585589,-89.63934789,1.236843944
2520341,38.61585588,-89.63934723,1.235640764
2520345,38.61585587,-89.63934658,1.234437585
2520349,38.61585586,-89.63934592,1.233482639
2520353,38.61585585,-89.63934526,1.232527693
2520357,38.61585584,-89.63934461,1.231572747
2520361,38.61585583,-89.63934395,1.234724045
2520365,38.61585581,-89.63934346,1.237875342
2520369,38.6158558,-89.63934297,1.239365021
2520373,38.61585579,-89.63934248,1.2408547
2520377,38.61585578,-89.63934199,1.242344379
2520381,38.61585577,-89.63934149,1.243518949
2520385,38.61585576,-89.639341,1.244693518
2520389,38.61585575,-89.63934051,1.24671797
2520393,38.61585573,-89.63934002,1.248742421
2520397,38.61585572,-89.63933953,1.250766873
2520401,38.61585571,-89.63933904,1.249133945
2520405,38.6158557,-89.63933855,1.247501016
2520409,38.61585569,-89.63933805,1.246297797
2520413,38.61585568,-89.63933756,1.245094577
2520417,38.61585567,-89.63933707,1.243891358
2520421,38.61585565,-89.63933658,1.24094063
2520425,38.61585564,-89.63933609,1.237989902
2520429,38.61585564,-89.63933548,1.235908151
2520433,38.61585563,-89.63933488,1.233826399
2520437,38.61585563,-89.63933427,1.231744647
2520441,38.61585562,-89.63933367,1.230369568
2520445,38.61585562,-89.63933306,1.228994489
2520449,38.61585561,-89.63933246,1.228287856
2520453,38.61585561,-89.63933185,1.227581223
2520457,38.6158556,-89.63933125,1.22687459
2520461,38.6158556,-89.63933064,1.22701782
2520465,38.61585559,-89.63933004,1.22716105
2520469,38.61585559,-89.63932943,1.227199237
2520473,38.61585558,-89.63932883,1.227237423
2520477,38.61585558,-89.63932822,1.22727561
2520481,38.61585556,-89.63932735,1.230169058
2520485,38.61585555,-89.63932648,1.233062506
2520489,38.61585553,-89.63932561,1.233941038
2520493,38.61585551,-89.63932474,1.234819571
2520497,38.6158555,-89.63932386,1.235698104
2520501,38.61585548,-89.63932299,1.234523535
2520505,38.61585547,-89.63932212,1.233348966
2520509,38.61585545,-89.63932125,1.2317065
2520513,38.61585543,-89.63932038,1.230064034
2520517,38.61585543,-89.63931972,1.228421569
2520521,38.61585543,-89.63931906,1.22716105
2520525,38.61585542,-89.6393184,1.225900531
2520529,38.61585542,-89.63931775,1.225346645
2520533,38.61585542,-89.63931709,1.224792759
2520537,38.61585541,-89.63931643,1.224238873
2520541,38.61585541,-89.63931577,1.224897802
2520545,38.61585541,-89.63931511,1.225556731
2520549,38.6158554,-89.63931445,1.228364229
2520553,38.6158554,-89.6393138,1.231171727
2520557,38.6158554,-89.63931314,1.233979225
2520561,38.61585539,-89.63931248,1.238133132
2520565,38.61585538,-89.63931204,1.24228704
2520569,38.61585538,-89.63931161,1.245037238
2520573,38.61585537,-89.63931117,1.247787436
2520577,38.61585536,-89.63931073,1.250537634
2520581,38.61585535,-89.6393103,1.251654923
2520585,38.61585534,-89.63930986,1.252772212
2520589,38.61585534,-89.63930942,1.252810399
2520593,38.61585533,-89.63930899,1.252848585
2520597,38.61585532,-89.63930855,1.252886772
2520601,38.61585531,-89.63930812,1.250709534
2520605,38.6158553,-89.63930768,1.248532295
2520609,38.61585529,-89.63930724,1.247138103
2520613,38.61585529,-89.63930681,1.24574391
2520617,38.61585528,-89.63930637,1.244349718
2520621,38.61585527,-89.63930593,1.243977308
2520625,38.61585526,-89.6393055,1.243604898
2520629,38.61585525,-89.63930506,1.24557205
2520633,38.61585525,-89.63930462,1.247539202
2520637,38.61585523,-89.6393035,1.249506354
2520641,38.61585521,-89.63930237,1.252829492
2520645,38.61585519,-89.63930124,1.25615263
2520649,38.61585517,-89.63930011,1.258673668
2520653,38.61585516,-89.63929898,1.261194706
2520657,38.61585514,-89.63929786,1.263715744
2520661,38.61585512,-89.63929673,1.265320003
2520665,38.61585511,-89.63929613,1.266924262
2520669,38.61585509,-89.63929552,1.26535817
2520673,38.61585507,-89.63929492,1.263792078
2520677,38.61585506,-89.63929431,1.262225986
2520681,38.61585504,-89.63929371,1.259619057
2520685,38.61585503,-89.6392931,1.257012129
2520689,38.61585501,-89.6392925,1.255598823
2520693,38.61585499,-89.63929189,1.254185518
2520697,38.61585498,-89.63929129,1.252772212
2520701,38.61585496,-89.63929069,1.252399802
2520705,38.61585495,-89.63929008,1.252027392
2520709,38.61585493,-89.63928948,1.252332966
2520713,38.61585491,-89.63928887,1.252638539
2520717,38.6158549,-89.63928822,1.252944112
2520721,38.61585488,-89.63928756,1.257556438
2520725,38.61585486,-89.63928691,1.262168765
2520729,38.61585485,-89.63928626,1.266542315
2520733,38.61585483,-89.6392856,1.270915866
2520737,38.61585481,-89.63928495,1.275289416
2520741,38.6158548,-89.63928429,1.281420112
2520745,38.61585478,-89.63928364,1.287550807
2520749,38.61585476,-89.63928298,1.289517959
2520753,38.61585474,-89.63928233,1.291485111
2520757,38.61585473,-89.63928168,1.293452263
2520761,38.61585471,-89.63928102,1.284514129
2520765,38.6158547,-89.63928053,1.275575995
2520769,38.61585469,-89.63928004,1.267459075
2520773,38.61585469,-89.63927955,1.259342154
2520777,38.61585468,-89.63927906,1.251225233
2520781,38.61585467,-89.63927857,1.244750798
2520785,38.61585466,-89.63927808,1.238276362
2520789,38.61585465,-89.63927759,1.236194611
2520793,38.61585465,-89.63927709,1.234112859
2520797,38.61585464,-89.6392766,1.232031107
2520801,38.61585463,-89.63927611,1.229624689
2520805,38.61585462,-89.63927562,1.22721827
2520809,38.61585461,-89.63927513,1.228574276
2520813,38.61585461,-89.63927464,1.229930282
2520817,38.6158546,-89.63927415,1.231286287
2520821,38.61585459,-89.63927366,1.232890606
2520825,38.61585458,-89.63927317,1.234494925
2520829,38.61585457,-89.63927238,1.233444492
2520833,38.61585456,-89.6392716,1.232394059
2520837,38.61585455,-89.63927082,1.231343627
2520841,38.61585454,-89.63927004,1.228077769
2520845,38.61585453,-89.63926925,1.224811912
2520849,38.61585452,-89.63926847,1.219712575
2520853,38.61585451,-89.63926769,1.214613239
2520857,38.6158545,-89.63926691,1.209513903
2520861,38.61585449,-89.63926612,1.200231969
2520865,38.61585448,-89.63926534,1.190950036
2520869,38.61585447,-89.63926469,1.187569618
2520873,38.61585446,-89.63926403,1.1841892
2520877,38.61585445,-89.63926337,1.180808783
2520881,38.61585444,-89.63926272,1.177886665
2520885,38.61585443,-89.63926206,1.174964547
2520889,38.61585442,-89.63926141,1.177199086
2520893,38.61585441,-89.63926075,1.179433624
2520897,38.6158544,-89.6392601,1.181668162
2520901,38.61585439,-89.63925944,1.187541008
2520905,38.61585438,-89.63925879,1.193413854
2520909,38.61585437,-89.63925813,1.194999019
2520913,38.61585436,-89.63925747,1.196584185
2520917,38.61585435,-89.63925681,1.198169351
2520921,38.61585434,-89.63925616,1.19948715
2520925,38.61585433,-89.6392555,1.200804949
2520929,38.61585433,-89.63925484,1.200919549
2520933,38.61585432,-89.63925418,1.201034149
2520937,38.61585431,-89.63925352,1.201148748
2520941,38.6158543,-89.63925286,1.19914341
2520945,38.6158543,-89.6392522,1.197138071
2520949,38.61585429,-89.63925154,1.196374098
2520953,38.61585428,-89.63925088,1.195610126
2520957,38.61585427,-89.63925022,1.194846153
2520961,38.61585427,-89.63924956,1.197710931
2520965,38.61585426,-89.63924912,1.200575709
2520969,38.61585425,-89.63924868,1.205121199
2520973,38.61585425,-89.63924824,1.209666689
2520977,38.61585424,-89.63924781,1.214212179
2520981,38.61585423,-89.63924737,1.220486045
2520985,38.61585423,-89.63924693,1.226759911
2520989,38.61585422,-89.63924649,1.230923414
2520993,38.61585421,-89.63924605,1.235086918
2520997,38.61585421,-89.63924561,1.239250422
2521001,38.6158542,-89.63924518,1.240768731
2521005,38.6158542,-89.63924474,1.24228704
2521009,38.61585419,-89.6392443,1.242936412
2521013,38.61585418,-89.63924386,1.243585785
2521017,38.61585418,-89.63924342,1.244235158
2521021,38.61585417,-89.63924298,1.247415066
2521025,38.61585416,-89.63924255,1.250594974
2521029,38.61585416,-89.63924211,1.254873077
2521033,38.61585415,-89.63924167,1.259151181
2521037,38.61585413,-89.63924068,1.263429284
2521041,38.61585412,-89.63923969,1.268156171
2521045,38.6158541,-89.6392387,1.272883058
2521049,38.61585408,-89.63923771,1.273914377
2521053,38.61585406,-89.63923672,1.274945696
2521057,38.61585405,-89.63923573,1.275977015
2521061,38.61585403,-89.63923475,1.277753174
2521065,38.61585401,-89.63923376,1.279529333
2521069,38.615854,-89.6392331,1.28354005
2521073,38.61585399,-89.63923244,1.287550767
2521077,38.61585397,-89.63923179,1.291561484
2521081,38.61585396,-89.63923113,1.293853283
2521085,38.61585395,-89.63923047,1.296145082
2521089,38.61585394,-89.63922982,1.296909054
2521093,38.61585393,-89.63922916,1.297673027
2521097,38.61585391,-89.6392285,1.298436999
2521101,38.6158539,-89.63922784,1.301101208
2521105,38.61585389,-89.63922719,1.303765416
2521109,38.61585388,-89.63922653,1.303287983
2521113,38.61585386,-89.63922587,1.30281055
2521117,38.61585385,-89.63922522,1.302333117
2521121,38.61585384,-89.63922457,1.304453015
2521125,38.61585383,-89.63922391,1.306572914
2521129,38.61585382,-89.63922326,1.307833433
2521133,38.61585381,-89.6392226,1.309093952
2521137,38.6158538,-89.63922195,1.310354471
2521141,38.61585379,-89.63922129,1.308836162
2521145,38.61585378,-89.63922064,1.307317853
2521149,38.61585377,-89.63921999,1.309666951
2521153,38.61585376,-89.63921933,1.31201605
2521157,38.61585375,-89.63921868,1.314365149
2521161,38.61585373,-89.63921802,1.317802906
2521165,38.61585373,-89.63921742,1.321240664
2521169,38.61585372,-89.63921681,1.32122159
2521173,38.61585371,-89.63921621,1.321202517
2521177,38.61585371,-89.6392156,1.321183443
2521181,38.6158537,-89.639215,1.320209384
2521185,38.61585369,-89.63921439,1.319235325
2521189,38.61585368,-89.63921379,1.318662365
2521193,38.61585368,-89.63921319,1.318089406
2521197,38.61585367,-89.63921258,1.317516446
2521201,38.61585366,-89.63921198,1.316169977
2521205,38.61585365,-89.63921137,1.314823508
2521209,38.61585365,-89.63921077,1.315262794
2521213,38.61585364,-89.63921016,1.315702081
2521217,38.61585363,-89.63920951,1.316141367
2521221,38.61585362,-89.63920885,1.318203986
2521225,38.61585361,-89.6392082,1.320266604
2521229,38.6158536,-89.63920755,1.321183364
2521233,38.61585358,-89.63920689,1.322100123
2521237,38.61585357,-89.63920624,1.323016882
2521241,38.61585356,-89.63920558,1.324764371
2521245,38.61585355,-89.63920493,1.32651186
2521249,38.61585354,-89.63920428,1.325480541
2521253,38.61585353,-89.63920362,1.324449221
2521257,38.61585352,-89.63920297,1.323417902
2521261,38.6158535,-89.63920232,1.321584463
2521265,38.61585349,-89.63920171,1.319751024
2521269,38.61585348,-89.63920111,1.31593128
2521273,38.61585347,-89.6392005,1.312111537
2521277,38.61585346,-89.6391999,1.308291793
2521281,38.61585345,-89.63919929,1.305570245
2521285,38.61585344,-89.63919869,1.302848697
2521289,38.61585343,-89.63919809,1.300843358
2521293,38.61585342,-89.63919748,1.298838019
2521297,38.61585341,-89.63919688,1.296832681
2521301,38.6158534,-89.63919627,1.296574831
2521305,38.61585338,-89.63919567,1.296316981
2521309,38.61585337,-89.63919506,1.296393394
2521313,38.61585336,-89.63919446,1.296469808
2521317,38.61585335,-89.6391938,1.296546221
2521321,38.61585334,-89.63919315,1.297205091
2521325,38.61585333,-89.63919249,1.29786396
2521329,38.61585332,-89.63919184,1.297310114
2521333,38.61585331,-89.63919118,1.296756268
2521337,38.6158533,-89.63919053,1.296202421
2521341,38.61585329,-89.63918987,1.294598162
2521345,38.61585328,-89.63918922,1.292993903
2521349,38.61585327,-89.63918856,1.290396492
2521353,38.61585326,-89.63918791,1.28779908
2521357,38.61585325,-89.63918725,1.285201669
2521361,38.61585324,-89.6391866,1.278755903
2521365,38.61585323,-89.63918599,1.272310138
2521369,38.61585322,-89.63918539,1.270667632
2521373,38.61585322,-89.63918478,1.269025127
2521377,38.61585321,-89.63918417,1.267382622
2521381,38.6158532,-89.63918357,1.264431894
2521385,38.61585319,-89.63918296,1.261481166
2521389,38.61585318,-89.63918235,1.259972374
2521393,38.61585318,-89.63918175,1.258463581
2521397,38.61585317,-89.63918114,1.256954789
2521401,38.61585316,-89.63918053,1.258960128
2521405,38.61585315,-89.63917993,1.260965466
2521409,38.61585315,-89.63917932,1.262646159
2521413,38.61585314,-89.63917871,1.264326851
2521417,38.61585313,-89.63917806,1.266007543
2521421,38.61585312,-89.6391774,1.262684405
2521425,38.6158531,-89.63917674,1.259361267
2521429,38.61585309,-89.63917608,1.255961696
2521433,38.61585308,-89.63917543,1.252562126
2521437,38.61585307,-89.63917477,1.249162555
2521441,38.61585306,-89.63917411,1.243432999
2521445,38.61585305,-89.63917346,1.237703443
2521449,38.61585304,-89.6391728,1.234093825
2521453,38.61585303,-89.63917214,1.230484207
2521457,38.61585301,-89.63917148,1.22687459
2521461,38.615853,-89.63917083,1.224210322
2521465,38.61585299,-89.63917022,1.221546054
2521469,38.61585298,-89.63916961,1.219884475
2521473,38.61585298,-89.63916901,1.218222896
2521477,38.61585297,-89.6391684,1.216561317
2521481,38.61585296,-89.63916779,1.216274798
2521485,38.61585295,-89.63916719,1.215988278
2521489,38.61585294,-89.63916658,1.217382511
2521493,38.61585293,-89.63916597,1.218776743
2521497,38.61585292,-89.63916537,1.220170975
2521501,38.61585291,-89.63916476,1.218308866
2521505,38.6158529,-89.63916415,1.216446757
2521509,38.61585289,-89.63916355,1.215434512
2521513,38.61585288,-89.63916294,1.214422266
2521517,38.61585287,-89.63916233,1.21341002
2521521,38.61585287,-89.63916173,1.211490631
2521525,38.61585286,-89.63916112,1.209571242
2521529,38.61585285,-89.63916052,1.207432191
2521533,38.61585284,-89.63915991,1.205293139
2521537,38.61585283,-89.6391593,1.203154087
2521541,38.61585282,-89.6391587,1.19934392
2521545,38.61585281,-89.63915809,1.195533752
2521549,38.6158528,-89.63915748,1.19385306
2521553,38.61585279,-89.63915688,1.192172368
2521557,38.61585279,-89.63915627,1.190491676
2521561,38.61585278,-89.63915566,1.188629568
2521565,38.61585277,-89.63915506,1.186767459
2521569,38.61585276,-89.6391544,1.186118126
2521573,38.61585275,-89.63915374,1.185468793
2521577,38.61585274,-89.63915309,1.18481946
2521581,38.61585273,-89.63915243,1.183845401
2521585,38.61585272,-89.63915177,1.182871342
2521589,38.6158527,-89.63915112,1.181801836
2521593,38.61585269,-89.63915046,1.18073233
2521597,38.61585268,-89.6391498,1.179662824
2521601,38.61585267,-89.63914914,1.179777384
2521605,38.61585266,-89.63914849,1.179891944
2521609,38.61585265,-89.63914783,1.176855286
2521613,38.61585264,-89.63914717,1.173818628
2521617,38.61585263,-89.63914652,1.17078197
2521621,38.61585262,-89.63914586,1.165682614
2521625,38.61585261,-89.6391452,1.160583258
2521629,38.6158526,-89.63914455,1.15662988
2521633,38.61585259,-89.63914389,1.152676503
2521637,38.61585258,-89.63914323,1.148723125
2521641,38.61585257,-89.63914258,1.140988171
2521645,38.61585256,-89.63914192,1.133253217
2521649,38.61585255,-89.63914126,1.131018678
2521653,38.61585254,-89.63914061,1.12878414
2521657,38.61585253,-89.63913995,1.126549602
2521661,38.61585252,-89.63913929,1.124601543
2521665,38.61585251,-89.63913869,1.122653484
2521669,38.6158525,-89.63913809,1.122577111
2521673,38.6158525,-89.63913748,1.122500738
2521677,38.61585249,-89.63913688,1.122424364
2521681,38.61585248,-89.63913628,1.122596204
2521685,38.61585247,-89.63913567,1.122768044
2521689,38.61585247,-89.63913507,1.120705406
2521693,38.61585246,-89.63913446,1.118642767
2521697,38.61585245,-89.63913386,1.116580129
2521701,38.61585244,-89.63913326,1.113314271
2521705,38.61585244,-89.63913265,1.110048413
2521709,38.61585243,-89.63913205,1.10554115
2521713,38.61585242,-89.63913144,1.101033886
2521717,38.61585241,-89.63913079,1.096526623
2521721,38.6158524,-89.63913014,1.090825677
2521725,38.61585239,-89.63912949,1.085124731
2521729,38.61585238,-89.63912883,1.083787839
2521733,38.61585237,-89.63912818,1.082450946
2521737,38.61585236,-89.63912753,1.081114054
2521741,38.61585234,-89.63912687,1.080913544
2521745,38.61585233,-89.63912622,1.080713034
2521749,38.61585232,-89.63912557,1.082756559
2521753,38.61585231,-89.63912491,1.084800084
2521757,38.6158523,-89.63912426,1.08684361
2521761,38.61585229,-89.63912361,1.087044179
2521765,38.61585228,-89.63912323,1.087244749
2521769,38.61585228,-89.63912286,1.08661449
2521773,38.61585227,-89.63912248,1.08598423
2521777,38.61585226,-89.63912211,1.085353971
2521781,38.61585226,-89.63912174,1.084895611
2521785,38.61585225,-89.63912136,1.084437251
2521789,38.61585225,-89.63912099,1.082718372
2521793,38.61585224,-89.63912061,1.080999494
2521797,38.61585223,-89.63912024,1.079280615
2521801,38.61585223,-89.63911987,1.077447116
2521805,38.61585222,-89.63911949,1.075613618
2521809,38.61585221,-89.63911912,1.074505925
2521813,38.61585221,-89.63911874,1.073398232
2521817,38.6158522,-89.63911837,1.07229054
2521821,38.6158522,-89.63911799,1.070800841
2521825,38.61585219,-89.63911762,1.069311142
2521829,38.61585218,-89.63911725,1.070380648
2521833,38.61585218,-89.63911687,1.071450154
2521837,38.61585217,-89.6391165,1.07251966
2521841,38.61585216,-89.63911612,1.075040698
2521845,38.61585216,-89.63911575,1.077561736
2521849,38.61585214,-89.63911444,1.080502907
2521853,38.61585212,-89.63911312,1.083444079
2521857,38.6158521,-89.63911181,1.08638525
2521861,38.61585208,-89.63911049,1.088132799
2521865,38.61585206,-89.63910918,1.089880347
2521869,38.61585205,-89.63910787,1.089784861
2521873,38.61585203,-89.63910715,1.089689374
2521877,38.61585202,-89.63910644,1.089593887
2521881,38.615852,-89.63910572,1.086900949
2521885,38.61585199,-89.63910501,1.084208012
2521889,38.61585197,-89.63910429,1.083615979
2521893,38.61585196,-89.63910358,1.083023945
2521897,38.61585194,-89.63910286,1.082431912
2521901,38.61585193,-89.63910215,1.081429243
2521905,38.61585191,-89.63910144,1.080426574
2521909,38.6158519,-89.63910072,1.082737486
2521913,38.61585189,-89.63910001,1.085048397
2521917,38.61585188,-89.63909935,1.087359309
2521921,38.61585187,-89.63909869,1.093461335
2521925,38.61585186,-89.63909803,1.09956336
2521929,38.61585185,-89.63909737,1.103058378
2521933,38.61585184,-89.63909671,1.106553396
2521937,38.61585184,-89.63909605,1.110048413
2521941,38.61585183,-89.6390954,1.112512171
2521945,38.61585182,-89.63909474,1.114975929
2521949,38.61585181,-89.63909408,1.113982797
2521953,38.6158518,-89.63909342,1.112989664
2521957,38.6158518,-89.63909276,1.111996531
2521961,38.61585179,-89.6390921,1.110850573
2521965,38.61585178,-89.63909158,1.109704614
2521969,38.61585176,-89.63909105,1.109532754
2521973,38.61585175,-89.63909052,1.109360894
2521977,38.61585174,-89.63909,1.109189034
2521981,38.61585173,-89.63908947,1.110277653
2521985,38.61585172,-89.63908894,1.111366272
2521989,38.6158517,-89.63908842,1.114097357
2521993,38.61585169,-89.63908789,1.116828442
2521997,38.61585168,-89.63908736,1.119559526
2522001,38.61585167,-89.63908684,1.122911334
2522005,38.61585166,-89.63908631,1.126263142
2522009,38.61585165,-89.63908578,1.1293571
2522013,38.61585163,-89.63908526,1.132451057
2522017,38.61585162,-89.63908473,1.135545015
2522021,38.61585161,-89.63908421,1.139326572
2522025,38.6158516,-89.63908349,1.14310813
2522029,38.61585158,-89.63908277,1.145724614
2522033,38.61585157,-89.63908206,1.148341099
2522037,38.61585156,-89.63908134,1.150957584
2522041,38.61585154,-89.63908063,1.152590513
2522045,38.61585153,-89.63907991,1.154223442
2522049,38.61585151,-89.6390792,1.153516809
2522053,38.6158515,-89.63907848,1.152810176
2522057,38.61585149,-89.63907776,1.152103543
2522061,38.61585147,-89.63907705,1.151960313
2522065,38.61585146,-89.63907633,1.151817083
2522069,38.61585145,-89.63907568,1.153746049
2522073,38.61585144,-89.63907502,1.155675014
2522077,38.61585142,-89.63907436,1.157603979
2522081,38.61585141,-89.63907371,1.160210907
2522085,38.6158514,-89.63907305,1.162817836
2522089,38.61585139,-89.63907239,1.167057713
2522093,38.61585138,-89.63907174,1.17129759
2522097,38.61585136,-89.63907108,1.175537467
2522101,38.61585135,-89.63907042,1.180264413
2522105,38.61585134,-89.63906977,1.18499136
2522109,38.61585133,-89.63906911,1.186595639
2522113,38.61585131,-89.63906846,1.188199917
2522117,38.6158513,-89.6390678,1.189804196
2522121,38.61585129,-89.63906714,1.189317167
2522125,38.61585128,-89.63906648,1.188830137
2522129,38.61585127,-89.63906583,1.188371778
2522133,38.61585126,-89.63906517,1.187913418
2522137,38.61585125,-89.63906451,1.187455058
2522141,38.61585124,-89.63906386,1.185678899
2522145,38.61585123,-89.6390632,1.18390274
2522149,38.61585122,-89.63906254,1.183635354
2522153,38.61585121,-89.63906189,1.183367968
2522157,38.61585119,-89.63906123,1.183100581
2522161,38.61585118,-89.63906057,1.183014631
2522165,38.61585117,-89.63905997,1.182928681
2522169,38.61585116,-89.63905936,1.183692614
2522173,38.61585115,-89.63905876,1.184456547
2522177,38.61585114,-89.63905816,1.18522048
2522181,38.61585113,-89.63905755,1.187254488
2522185,38.61585112,-89.63905695,1.189288497
2522189,38.61585111,-89.63905634,1.192134182
2522193,38.6158511,-89.63905574,1.194979866
2522197,38.61585109,-89.63905514,1.197825551
2522201,38.61585108,-89.63905453,1.201607108
2522205,38.61585107,-89.63905393,1.205388665
2522209,38.61585106,-89.63905332,1.204701106
2522213,38.61585105,-89.63905272,1.204013546
2522217,38.61585103,-89.63905211,1.203325987
2522221,38.61585102,-89.63905151,1.200146079
2522225,38.61585101,-89.6390509,1.196966171
2522229,38.615851,-89.6390503,1.195209106
2522233,38.61585099,-89.63904969,1.19345204
2522237,38.61585098,-89.63904909,1.191694975
2522241,38.61585097,-89.63904848,1.187684238
2522245,38.61585096,-89.63904788,1.183673501
2522249,38.61585095,-89.63904727,1.184571147
2522253,38.61585093,-89.63904667,1.185468793
2522257,38.61585092,-89.63904606,1.186366439
2522261,38.61585091,-89.63904546,1.190348506
2522265,38.6158509,-89.63904485,1.194330573
2522269,38.61585089,-89.6390442,1.197539131
2522273,38.61585088,-89.63904354,1.200747689
2522277,38.61585087,-89.63904288,1.203956246
2522281,38.61585086,-89.63904223,1.205302656
2522285,38.61585085,-89.63904157,1.206649065
2522289,38.61585084,-89.63904092,1.206362605
2522293,38.61585082,-89.63904026,1.206076145
2522297,38.61585081,-89.63903961,1.205789685
2522301,38.6158508,-89.63903895,1.202695727
2522305,38.61585079,-89.63903829,1.199601769
2522309,38.61585078,-89.63903764,1.197023431
2522313,38.61585077,-89.63903698,1.194445093
2522317,38.61585075,-89.63903633,1.191866755
2522321,38.61585074,-89.63903567,1.192038655
2522325,38.61585072,-89.63903501,1.192210555
2522329,38.61585071,-89.63903436,1.191981395
2522333,38.61585069,-89.6390337,1.191752235
2522337,38.61585068,-89.63903305,1.191523075
2522341,38.61585066,-89.63903239,1.195447803
2522345,38.61585065,-89.63903173,1.19937253
2522349,38.61585063,-89.63903108,1.202581088
2522353,38.61585062,-89.63903042,1.205789646
2522357,38.6158506,-89.63902977,1.208998203
2522361,38.61585059,-89.63902911,1.211691141
2522365,38.61585058,-89.6390285,1.214384079
2522369,38.61585057,-89.6390279,1.216599504
2522373,38.61585056,-89.63902729,1.218814929
2522377,38.61585055,-89.63902669,1.221030354
2522381,38.61585054,-89.63902608,1.218996346
2522385,38.61585053,-89.63902548,1.216962337
2522389,38.61585053,-89.63902487,1.215128899
2522393,38.61585052,-89.63902426,1.21329546
2522397,38.61585051,-89.63902366,1.211462021
2522401,38.6158505,-89.63902305,1.206563175
2522405,38.61585049,-89.63902245,1.201664329
2522409,38.61585048,-89.63902184,1.201034109
2522413,38.61585047,-89.63902124,1.200403889
2522417,38.61585046,-89.63902058,1.199773669
2522421,38.61585044,-89.63901993,1.200633109
2522425,38.61585043,-89.63901927,1.201492548
2522429,38.61585041,-89.63901862,1.203937133
2522433,38.6158504,-89.63901796,1.206381718
2522437,38.61585039,-89.63901731,1.208826303
2522441,38.61585037,-89.63901665,1.215300739
2522445,38.61585036,-89.639016,1.221775174
2522449,38.61585034,-89.63901535,1.22255822
2522453,38.61585033,-89.63901469,1.223341266
2522457,38.61585031,-89.63901404,1.224124312
2522461,38.6158503,-89.63901338,1.223264873
2522465,38.61585029,-89.63901278,1.222405434
2522469,38.61585028,-89.63901217,1.219502449
2522473,38.61585027,-89.63901156,1.216599464
2522477,38.61585026,-89.63901096,1.21369648
2522481,38.61585025,-89.63901035,1.209886312
2522485,38.61585024,-89.63900974,1.206076145
2522489,38.61585023,-89.63900914,1.201683482
2522493,38.61585022,-89.63900853,1.197290818
2522497,38.61585021,-89.63900793,1.192898154
2522501,38.6158502,-89.63900732,1.192468405
2522505,38.6158502,-89.63900671,1.192038655
2522509,38.61585019,-89.63900611,1.191561222
2522513,38.61585018,-89.6390055,1.191083789
2522517,38.61585016,-89.63900484,1.190606356
2522521,38.61585015,-89.63900418,1.193041384
2522525,38.61585014,-89.63900352,1.195476413
2522529,38.61585012,-89.63900286,1.197004318
2522533,38.61585011,-89.63900221,1.198532224
2522537,38.6158501,-89.63900155,1.200060129
2522541,38.61585008,-89.63900089,1.19963038
2522545,38.61585007,-89.63900023,1.19920063
2522549,38.61585006,-89.63899957,1.19897147
2522553,38.61585005,-89.63899891,1.19874231
2522557,38.61585003,-89.63899825,1.19851315
2522561,38.61585002,-89.63899759,1.193642974
2522565,38.61585001,-89.63899699,1.188772798
2522569,38.61585,-89.63899638,1.185774326
2522573,38.61584999,-89.63899578,1.182775855
2522577,38.61584998,-89.63899517,1.179777384
2522581,38.61584997,-89.63899457,1.178975224
2522585,38.61584995,-89.63899396,1.178173065
2522589,38.61584994,-89.63899336,1.178803325
2522593,38.61584993,-89.63899275,1.179433584
2522597,38.61584992,-89.63899215,1.180063844
2522601,38.61584991,-89.63899154,1.181925952
2522605,38.6158499,-89.63899094,1.183788061
2522609,38.61584989,-89.63899033,1.18481938
2522613,38.61584988,-89.63898973,1.1858507
2522617,38.61584987,-89.63898907,1.186882019
2522621,38.61584986,-89.63898841,1.186738789
2522625,38.61584985,-89.63898776,1.186595559
2522629,38.61584984,-89.6389871,1.185908039
2522633,38.61584982,-89.63898644,1.18522052
2522637,38.61584981,-89.63898579,1.184533
2522641,38.6158498,-89.63898513,1.182756782
2522645,38.61584979,-89.63898447,1.180980563
2522649,38.61584978,-89.63898382,1.179433584
2522653,38.61584977,-89.63898316,1.177886605
2522657,38.61584976,-89.6389825,1.176339626
2522661,38.61584975,-89.63898185,1.175566137
2522665,38.61584974,-89.63898124,1.174792647
2522669,38.61584973,-89.63898064,1.174105088
2522673,38.61584972,-89.63898003,1.173417528
2522677,38.61584971,-89.63897943,1.172729969
2522681,38.6158497,-89.63897882,1.172615409
2522685,38.61584969,-89.63897822,1.172500849
2522689,38.61584968,-89.63897761,1.171584129
2522693,38.61584967,-89.63897701,1.17066741
2522697,38.61584966,-89.6389764,1.16975069
2522701,38.61584965,-89.6389758,1.171498179
2522705,38.61584964,-89.63897519,1.173245668
2522709,38.61584963,-89.63897458,1.172959208
2522713,38.61584962,-89.63897398,1.172672749
2522717,38.6158496,-89.63897332,1.172386289
2522721,38.61584959,-89.63897267,1.17112577
2522725,38.61584958,-89.63897202,1.169865251
2522729,38.61584956,-89.63897136,1.169196804
2522733,38.61584955,-89.63897071,1.168528358
2522737,38.61584954,-89.63897005,1.167859912
2522741,38.61584952,-89.6389694,1.165252924
2522745,38.61584951,-89.63896874,1.162645936
2522749,38.61584949,-89.63896809,1.161901116
2522753,38.61584948,-89.63896743,1.161156297
2522757,38.61584947,-89.63896678,1.160411477
2522761,38.61584945,-89.63896612,1.161356807
2522765,38.61584944,-89.63896552,1.162302136
2522769,38.61584943,-89.63896491,1.163849155
2522773,38.61584942,-89.6389643,1.165396174
2522777,38.61584941,-89.6389637,1.166943192
2522781,38.6158494,-89.63896309,1.169836581
2522785,38.61584939,-89.63896248,1.172729969
2522789,38.61584939,-89.63896188,1.17181325
2522793,38.61584938,-89.63896127,1.17089653
2522797,38.61584937,-89.63896066,1.169979811
2522801,38.61584936,-89.63896006,1.167630672
2522805,38.61584935,-89.63895945,1.165281534
2522809,38.61584934,-89.63895884,1.163218896
2522813,38.61584933,-89.63895824,1.161156257
2522817,38.61584932,-89.6389578,1.159093618
2522821,38.61584932,-89.63895736,1.15599966
2522825,38.61584931,-89.63895692,1.152905703
2522829,38.6158493,-89.63895648,1.15208447
2522833,38.6158493,-89.63895605,1.151263237
2522837,38.61584929,-89.63895561,1.150442004
2522841,38.61584929,-89.63895517,1.149066865
2522845,38.61584928,-89.63895473,1.147691727
2522849,38.61584927,-89.6389543,1.146526734
2522853,38.61584927,-89.63895386,1.145361741
2522857,38.61584926,-89.63895342,1.144196749
2522861,38.61584926,-89.63895298,1.144225359
2522865,38.61584925,-89.63895254,1.144253969
2522869,38.61584924,-89.63895211,1.145820061
2522873,38.61584924,-89.63895167,1.147386154
2522877,38.61584923,-89.63895123,1.148952246
2522881,38.61584923,-89.63895079,1.148751736
2522885,38.61584922,-89.63895036,1.148551226
2522889,38.61584921,-89.63894923,1.147787293
2522893,38.61584919,-89.6389481,1.14702336
2522897,38.61584918,-89.63894697,1.146259427
2522901,38.61584916,-89.63894584,1.145256698
2522905,38.61584915,-89.63894471,1.144253969
2522909,38.61584913,-89.63894359,1.14305079
2522913,38.61584912,-89.63894246,1.14184761
2522917,38.61584911,-89.6389418,1.140644431
2522921,38.6158491,-89.63894115,1.139326632
2522925,38.61584909,-89.63894049,1.138008833
2522929,38.61584908,-89.63893983,1.138696353
2522933,38.61584907,-89.63893918,1.139383872
2522937,38.61584906,-89.63893852,1.140071392
2522941,38.61584905,-89.63893786,1.144626439
2522945,38.61584904,-89.63893721,1.149181485
2522949,38.61584903,-89.63893655,1.152829289
2522953,38.61584901,-89.63893589,1.156477094
2522957,38.615849,-89.63893524,1.160124898
2522961,38.61584899,-89.63893458,1.164364815
2522965,38.61584899,-89.63893397,1.168604732
2522969,38.61584898,-89.63893336,1.169120391
2522973,38.61584898,-89.63893276,1.169636051
2522977,38.61584897,-89.63893215,1.170151711
2522981,38.61584897,-89.63893154,1.17023766
2522985,38.61584897,-89.63893093,1.17032361
2522989,38.61584896,-89.63893032,1.170571884
2522993,38.61584896,-89.63892971,1.170820157
2522997,38.61584895,-89.6389291,1.17106843
2523001,38.61584895,-89.6389285,1.172214329
2523005,38.61584894,-89.63892789,1.173360229
2523009,38.61584894,-89.63892728,1.173131069
2523013,38.61584893,-89.63892667,1.172901909
2523017,38.61584891,-89.63892607,1.172672749
2523021,38.61584889,-89.63892546,1.174878597
2523025,38.61584887,-89.63892486,1.177084446
2523029,38.61584884,-89.63892425,1.177695632
2523033,38.61584882,-89.63892365,1.178306818
2523037,38.6158488,-89.63892305,1.178918004
2523041,38.61584878,-89.63892244,1.18496269
2523045,38.61584875,-89.63892184,1.191007376
2523049,38.61584873,-89.63892124,1.192668955
2523053,38.61584871,-89.63892063,1.194330533
2523057,38.61584869,-89.63892003,1.195992112
2523061,38.61584867,-89.63891942,1.19839853
2523065,38.61584864,-89.63891882,1.200804949
2523069,38.61584863,-89.63891816,1.200346589
2523073,38.61584861,-89.63891751,1.199888229
2523077,38.6158486,-89.63891685,1.19942987
2523081,38.61584858,-89.63891619,1.197596371
2523085,38.61584857,-89.63891554,1.195762873
2523089,38.61584855,-89.63891488,1.19408222
2523093,38.61584854,-89.63891422,1.192401568
2523097,38.61584852,-89.63891356,1.190720916
2523101,38.61584851,-89.63891291,1.192095995
2523105,38.61584849,-89.63891225,1.193471074
2523109,38.61584848,-89.63891159,1.194215933
2523113,38.61584846,-89.63891094,1.194960793
2523117,38.61584845,-89.63891028,1.195705652
2523121,38.61584843,-89.63890963,1.19908607
2523125,38.61584841,-89.63890898,1.202466488
2523129,38.61584839,-89.63890832,1.204930226
2523133,38.61584837,-89.63890767,1.207393964
2523137,38.61584836,-89.63890702,1.209857702
2523141,38.61584834,-89.63890636,1.211433351
2523145,38.61584832,-89.63890571,1.213009
2523149,38.6158483,-89.63890506,1.211939454
2523153,38.61584829,-89.6389044,1.210869908
2523157,38.61584827,-89.63890375,1.209800363
2523161,38.61584825,-89.6389031,1.205875635
2523165,38.61584824,-89.63890249,1.201950908
2523169,38.61584822,-89.63890189,1.201759895
2523173,38.61584821,-89.63890128,1.201568882
2523177,38.6158482,-89.63890067,1.201377869
2523181,38.61584818,-89.63890007,1.19963038
2523185,38.61584817,-89.63889946,1.197882891
2523189,38.61584815,-89.63889886,1.19857045
2523193,38.61584814,-89.63889825,1.19925801
2523197,38.61584813,-89.63889764,1.199945569
2523201,38.61584811,-89.63889704,1.202953577
2523205,38.6158481,-89.63889643,1.205961585
2523209,38.61584809,-89.63889583,1.206897418
2523213,38.61584807,-89.63889522,1.20783325
2523217,38.61584805,-89.63889457,1.208769083
2523221,38.61584803,-89.63889391,1.21269381
2523225,38.61584801,-89.63889326,1.216618538
2523229,38.61584799,-89.63889261,1.218280117
2523233,38.61584797,-89.63889195,1.219941696
2523237,38.61584795,-89.6388913,1.221603274
2523241,38.61584793,-89.63889065,1.219769835
2523245,38.61584791,-89.63888999,1.217936397
2523249,38.61584789,-89.63888934,1.216198405
2523253,38.61584787,-89.63888869,1.214460413
2523257,38.61584785,-89.63888803,1.212722421
2523261,38.61584783,-89.63888738,1.210316002
2523265,38.61584782,-89.63888677,1.207909584
2523269,38.61584782,-89.63888616,1.20794781
2523273,38.61584781,-89.63888556,1.207986037
2523277,38.6158478,-89.63888495,1.208024263
2523281,38.61584779,-89.63888434,1.211920381
2523285,38.61584778,-89.63888373,1.215816498
2523289,38.61584777,-89.63888313,1.219502529
2523293,38.61584776,-89.63888252,1.223188559
2523297,38.61584775,-89.63888191,1.22687459
2523301,38.61584774,-89.63888131,1.230713367
2523305,38.61584773,-89.6388807,1.234552145
2523309,38.61584773,-89.63888009,1.235946337
2523313,38.61584772,-89.63887948,1.23734053
2523317,38.6158477,-89.63887883,1.238734722
2523321,38.61584768,-89.63887817,1.239995241
2523325,38.61584766,-89.63887751,1.24125576
2523329,38.61584764,-89.63887686,1.238658349
2523333,38.61584763,-89.6388762,1.236060937
2523337,38.61584761,-89.63887555,1.233463526
2523341,38.61584759,-89.63887489,1.234322965
2523345,38.61584757,-89.63887423,1.235182405
2523349,38.61584756,-89.63887358,1.234685858
2523353,38.61584754,-89.63887292,1.234189312
2523357,38.61584752,-89.63887226,1.233692765
2523361,38.6158475,-89.63887161,1.233750045
2523365,38.61584749,-89.638871,1.233807325
2523369,38.61584748,-89.63887039,1.234800458
2523373,38.61584747,-89.63886979,1.235793591
2523377,38.61584746,-89.63886918,1.236786723
2523381,38.61584746,-89.63886857,1.239164472
2523385,38.61584745,-89.63886796,1.24154222
2523389,38.61584744,-89.63886736,1.242783626
2523393,38.61584743,-89.63886675,1.244025032
2523397,38.61584742,-89.63886614,1.245266438
2523401,38.61584741,-89.63886553,1.246469676
2523405,38.6158474,-89.63886493,1.247672915
2523409,38.61584739,-89.63886432,1.246125937
2523413,38.61584738,-89.63886371,1.244578958
2523417,38.61584737,-89.63886315,1.243031979
2523421,38.61584735,-89.63886259,1.24151361
2523425,38.61584734,-89.63886203,1.239995241
2523429,38.61584732,-89.63886147,1.237818003
2523433,38.61584731,-89.63886091,1.235640764
2523437,38.6158473,-89.63886035,1.233463526
2523441,38.61584728,-89.63885978,1.234752715
2523445,38.61584727,-89.63885922,1.236041903
2523449,38.61584725,-89.63885866,1.237206896
2523453,38.61584724,-89.6388581,1.238371889
2523457,38.61584723,-89.63885754,1.239536881
2523461,38.61584721,-89.63885698,1.244435668
2523465,38.6158472,-89.63885642,1.249334455
2523469,38.61584718,-89.63885586,1.25097696
2523473,38.61584717,-89.63885514,1.252619465
2523477,38.61584715,-89.63885442,1.254261971
2523481,38.61584714,-89.6388537,1.25557977
2523485,38.61584713,-89.63885298,1.256897569
2523489,38.61584711,-89.63885227,1.255369663
2523493,38.6158471,-89.63885155,1.253841758
2523497,38.61584708,-89.63885083,1.252313852
2523501,38.61584707,-89.63885011,1.249735534
2523505,38.61584705,-89.63884939,1.247157216
2523509,38.61584704,-89.63884868,1.243490299
2523513,38.61584702,-89.63884796,1.239823381
2523517,38.61584701,-89.6388473,1.236156464
2523521,38.615847,-89.63884665,1.235640764
2523525,38.61584698,-89.63884599,1.235125065
2523529,38.61584697,-89.63884534,1.235927224
2523533,38.61584696,-89.63884469,1.236729383
2523537,38.61584694,-89.63884403,1.237531543
2523541,38.61584693,-89.63884338,1.239766061
2523545,38.61584692,-89.63884272,1.24200058
2523549,38.6158469,-89.63884207,1.243528485
2523553,38.61584689,-89.63884141,1.245056391
2523557,38.61584688,-89.63884076,1.246584296
2523561,38.61584687,-89.6388401,1.249019384
2523565,38.61584686,-89.6388395,1.251454473
2523569,38.61584685,-89.63883889,1.252925038
2523573,38.61584684,-89.63883828,1.254395604
2523577,38.61584683,-89.63883768,1.25586617
2523581,38.61584682,-89.63883707,1.254175961
2523585,38.61584681,-89.63883646,1.252485752
2523589,38.61584681,-89.63883586,1.248704235
2523593,38.6158468,-89.63883525,1.244922717
2523597,38.61584679,-89.63883464,1.2411412
2523601,38.61584678,-89.63883403,1.236500204
2523605,38.61584677,-89.63883343,1.231859207
2523609,38.61584676,-89.63883282,1.230789701
2523613,38.61584675,-89.63883221,1.229720195
2523617,38.61584674,-89.63883161,1.228650689
2523621,38.61584673,-89.638831,1.230541468
2523625,38.61584672,-89.63883039,1.232432246
2523629,38.61584671,-89.63882979,1.236519337
2523633,38.6158467,-89.63882918,1.240606427
2523637,38.61584669,-89.63882858,1.244693518
2523641,38.61584667,-89.63882797,1.248847485
2523645,38.61584666,-89.63882736,1.253001451
2523649,38.61584665,-89.63882676,1.251740932
2523653,38.61584664,-89.63882615,1.250480413
2523657,38.61584663,-89.63882554,1.249219894
2523661,38.61584662,-89.63882494,1.245753467
2523665,38.61584661,-89.63882433,1.24228704
2523669,38.61584659,-89.63882367,1.239804228
2523673,38.61584658,-89.63882302,1.237321417
2523677,38.61584656,-89.63882236,1.234838605
2523681,38.61584655,-89.6388217,1.229309559
2523685,38.61584653,-89.63882104,1.223780513
2523689,38.61584652,-89.63882039,1.222405434
2523693,38.61584651,-89.63881973,1.221030354
2523697,38.61584649,-89.63881907,1.219655275
2523701,38.61584648,-89.63881841,1.219139636
2523705,38.61584646,-89.63881776,1.218623996
2523709,38.61584645,-89.6388171,1.218203823
2523713,38.61584643,-89.63881644,1.21778365
2523717,38.61584642,-89.63881578,1.217363477
2523721,38.61584641,-89.63881513,1.221230924
2523725,38.6158464,-89.63881447,1.225098372
2523729,38.61584638,-89.63881382,1.226950924
2523733,38.61584637,-89.63881316,1.228803476
2523737,38.61584636,-89.63881251,1.230656028
2523741,38.61584634,-89.63881185,1.232919216
2523745,38.61584633,-89.63881119,1.235182405
2523749,38.61584632,-89.63881054,1.233559012
2523753,38.61584631,-89.63880988,1.23193562
2523757,38.61584629,-89.63880923,1.230312228
2523761,38.61584628,-89.63880857,1.226616681
2523765,38.61584627,-89.63880797,1.222921133
2523769,38.61584625,-89.63880736,1.218394756
2523773,38.61584624,-89.63880676,1.21386838
2523777,38.61584622,-89.63880616,1.209342003
2523781,38.61584621,-89.63880555,1.206591845
2523785,38.61584619,-89.63880495,1.203841686
2523789,38.61584618,-89.63880434,1.201759934
2523793,38.61584617,-89.63880374,1.199678183
2523797,38.61584615,-89.63880314,1.197596431
2523801,38.61584614,-89.63880253,1.202237368
2523805,38.61584612,-89.63880193,1.206878304
2523809,38.61584611,-89.63880132,1.207966924
2523813,38.61584609,-89.63880072,1.209055543
2523817,38.61584608,-89.63880007,1.210144162
2523821,38.61584606,-89.63879941,1.211777091
2523825,38.61584604,-89.63879875,1.21341002
2523829,38.61584602,-89.6387981,1.212054014
2523833,38.61584601,-89.63879744,1.210698009
2523837,38.61584599,-89.63879679,1.209342003
2523841,38.61584597,-89.63879613,1.203841627
2523845,38.61584596,-89.63879548,1.19834125
2523849,38.61584594,-89.63879482,1.194292347
2523853,38.61584592,-89.63879417,1.190243443
2523857,38.61584591,-89.63879351,1.186194539
2523861,38.61584589,-89.63879286,1.183243811
2523865,38.61584588,-89.63879225,1.180293083
2523869,38.61584587,-89.63879165,1.177409172
2523873,38.61584586,-89.63879104,1.174525261
2523877,38.61584585,-89.63879044,1.17164135
2523881,38.61584584,-89.63878983,1.17038089
2523885,38.61584583,-89.63878923,1.169120431
2523889,38.61584582,-89.63878862,1.169234991
2523893,38.61584581,-89.63878802,1.169349551
2523897,38.61584581,-89.63878741,1.169464111
2523901,38.6158458,-89.63878681,1.172271609
2523905,38.61584579,-89.6387862,1.175079107
2523909,38.61584578,-89.6387856,1.175862153
2523913,38.61584577,-89.63878499,1.176645199
2523917,38.61584575,-89.63878434,1.177428246
2523921,38.61584574,-89.63878369,1.175251007
2523925,38.61584572,-89.63878303,1.173073769
2523929,38.61584571,-89.63878238,1.170629144
2523933,38.61584569,-89.63878172,1.168184519
2523937,38.61584567,-89.63878107,1.165739894
2523941,38.61584566,-89.63878042,1.159924388
2523945,38.61584564,-89.63877976,1.154108882
2523949,38.61584563,-89.63877911,1.15162607
2523953,38.61584561,-89.63877845,1.149143259
2523957,38.61584559,-89.6387778,1.146660447
2523961,38.61584558,-89.63877714,1.148035526
2523965,38.61584557,-89.63877658,1.149410605
2523969,38.61584557,-89.63877602,1.151473244
2523973,38.61584556,-89.63877546,1.153535883
2523977,38.61584556,-89.6387749,1.155598521
2523981,38.61584555,-89.63877433,1.1565153
2523985,38.61584555,-89.63877377,1.157432079
2523989,38.61584554,-89.63877321,1.155312141
2523993,38.61584554,-89.63877265,1.153192202
2523997,38.61584553,-89.63877208,1.151072264
2524001,38.61584552,-89.63877152,1.145314038
2524005,38.61584552,-89.63877096,1.139555812
2524009,38.61584551,-89.6387704,1.134475589
2524013,38.61584551,-89.63876983,1.129395366
2524017,38.6158455,-89.63876927,1.124315143
2524021,38.61584549,-89.63876884,1.120247126
2524025,38.61584548,-89.6387684,1.116179109
2524029,38.61584547,-89.63876797,1.114192843
2524033,38.61584547,-89.63876753,1.112206578
2524037,38.61584546,-89.63876709,1.110220313
2524041,38.61584545,-89.63876666,1.110821903
2524045,38.61584544,-89.63876622,1.111423492
2524049,38.61584543,-89.63876579,1.110812346
2524053,38.61584542,-89.63876535,1.1102012
2524057,38.61584541,-89.63876492,1.109590054
2524061,38.6158454,-89.63876448,1.107785225
2524065,38.61584539,-89.63876405,1.105980396
2524069,38.61584538,-89.63876361,1.103382985
2524073,38.61584537,-89.63876318,1.100785573
2524077,38.61584536,-89.63876274,1.098188162
2524081,38.61584535,-89.63876231,1.097271442
2524085,38.61584534,-89.63876187,1.096354723
2524089,38.61584533,-89.63876144,1.094712257
2524093,38.61584532,-89.63876056,1.093069792
2524097,38.6158453,-89.63875969,1.091427326
2524101,38.61584529,-89.63875882,1.088075519
2524105,38.61584527,-89.63875794,1.084723711
2524109,38.61584525,-89.63875707,1.082279086
2524113,38.61584524,-89.6387562,1.079834461
2524117,38.61584522,-89.63875533,1.077389836
2524121,38.61584521,-89.63875445,1.076186657
2524125,38.61584519,-89.63875358,1.074983478
2524129,38.61584517,-89.63875271,1.077294389
2524133,38.61584514,-89.63875184,1.079605301
2524137,38.61584512,-89.63875097,1.081916213
2524141,38.6158451,-89.6387501,1.08678633
2524145,38.61584507,-89.63874922,1.091656446
2524149,38.61584505,-89.63874835,1.094597658
2524153,38.61584503,-89.63874748,1.097538869
2524157,38.61584501,-89.63874661,1.10048008
2524161,38.61584498,-89.63874574,1.100079
2524165,38.61584497,-89.63874513,1.09967792
2524169,38.61584496,-89.63874453,1.096985022
2524173,38.61584495,-89.63874392,1.094292124
2524177,38.61584494,-89.63874332,1.091599226
2524181,38.61584493,-89.63874271,1.091284096
2524185,38.61584492,-89.6387421,1.090968966
2524189,38.61584491,-89.6387415,1.091255426
2524193,38.6158449,-89.63874089,1.091541886
2524197,38.61584489,-89.63874029,1.091828346
2524201,38.61584488,-89.63873968,1.096440673
2524205,38.61584487,-89.63873908,1.101052999
2524209,38.61584486,-89.63873847,1.102409005
2524213,38.61584484,-89.63873787,1.103765011
2524217,38.61584484,-89.63873734,1.105121017
2524221,38.61584483,-89.63873682,1.105722606
2524225,38.61584482,-89.6387363,1.106324196
2524229,38.61584481,-89.63873577,1.106171409
2524233,38.6158448,-89.63873525,1.106018623
2524237,38.61584479,-89.63873473,1.105865836
2524241,38.61584478,-89.6387342,1.108043075
2524245,38.61584477,-89.63873368,1.110220313
2524249,38.61584476,-89.63873316,1.112779538
2524253,38.61584475,-89.63873264,1.115338763
2524257,38.61584474,-89.63873211,1.117897987
2524261,38.61584473,-89.63873159,1.119616866
2524265,38.61584472,-89.63873107,1.121335745
2524269,38.61584471,-89.63873054,1.121736805
2524273,38.6158447,-89.63873002,1.122137864
2524277,38.61584469,-89.63872923,1.122538924
2524281,38.61584467,-89.63872845,1.121335685
2524285,38.61584466,-89.63872766,1.120132446
2524289,38.61584465,-89.63872687,1.12009426
2524293,38.61584463,-89.63872608,1.120056073
2524297,38.61584462,-89.6387253,1.120017886
2524301,38.61584461,-89.63872451,1.122309744
2524305,38.61584459,-89.63872372,1.124601603
2524309,38.61584458,-89.63872293,1.127657374
2524313,38.61584457,-89.63872215,1.130713145
2524317,38.61584455,-89.63872149,1.133768916
2524321,38.61584454,-89.63872084,1.139584422
2524325,38.61584452,-89.63872019,1.145399928
2524329,38.61584451,-89.63871954,1.146545847
2524333,38.61584449,-89.63871888,1.147691766
2524337,38.61584448,-89.63871823,1.148837686
2524341,38.61584446,-89.63871758,1.148723066
2524345,38.61584444,-89.63871692,1.148608446
2524349,38.61584443,-89.63871627,1.147691727
2524353,38.61584441,-89.63871562,1.146775007
2524357,38.6158444,-89.63871497,1.145858288
2524361,38.61584438,-89.63871431,1.146288037
2524365,38.61584438,-89.63871371,1.146717787
2524369,38.61584437,-89.6387131,1.147500793
2524373,38.61584436,-89.6387125,1.148283799
2524377,38.61584435,-89.63871189,1.149066806
2524381,38.61584434,-89.63871129,1.150355995
2524385,38.61584434,-89.63871068,1.151645184
2524389,38.61584433,-89.63871008,1.15156877
2524393,38.61584432,-89.63870947,1.151492357
2524397,38.61584431,-89.63870887,1.151415944
2524401,38.6158443,-89.63870826,1.150384665
2524405,38.61584429,-89.63870766,1.149353385
2524409,38.61584429,-89.63870705,1.150671164
2524413,38.61584428,-89.63870645,1.151988943
2524417,38.61584427,-89.63870593,1.153306723
2524421,38.61584426,-89.6387054,1.15734607
2524425,38.61584425,-89.63870488,1.161385417
2524429,38.61584424,-89.63870436,1.163352569
2524433,38.61584423,-89.63870383,1.165319721
2524437,38.61584422,-89.63870331,1.167286873
2524441,38.61584421,-89.63870279,1.166742563
2524445,38.61584421,-89.63870226,1.166198254
2524449,38.6158442,-89.63870174,1.164422115
2524453,38.61584419,-89.63870122,1.162645976
2524457,38.61584418,-89.63870069,1.160869837
2524461,38.61584417,-89.63870017,1.158663929
2524465,38.61584416,-89.63869965,1.15645802
2524469,38.61584415,-89.63869912,1.157603939
2524473,38.61584414,-89.6386986,1.158749859
2524477,38.61584412,-89.63869782,1.159895778
2524481,38.61584411,-89.63869703,1.162474096
2524485,38.61584409,-89.63869625,1.165052414
2524489,38.61584407,-89.63869547,1.16652298
2524493,38.61584406,-89.63869468,1.167993546
2524497,38.61584404,-89.6386939,1.169464111
2524501,38.61584402,-89.63869312,1.17164135
2524505,38.615844,-89.63869233,1.173818588
2524509,38.61584399,-89.63869155,1.173131069
2524513,38.61584397,-89.63869077,1.172443549
2524517,38.61584396,-89.63869011,1.171756029
2524521,38.61584395,-89.63868946,1.173188388
2524525,38.61584394,-89.63868881,1.174620748
2524529,38.61584393,-89.63868815,1.175403794
2524533,38.61584392,-89.6386875,1.17618684
2524537,38.61584391,-89.63868685,1.176969886
2524541,38.6158439,-89.63868619,1.175251007
2524545,38.61584389,-89.63868554,1.173532128
2524549,38.61584388,-89.63868489,1.174238801
2524553,38.61584387,-89.63868423,1.174945474
2524557,38.61584386,-89.63868358,1.175652146
2524561,38.61584385,-89.63868293,1.175079167
2524565,38.61584383,-89.63868232,1.174506187
2524569,38.61584382,-89.63868172,1.176282366
2524573,38.61584381,-89.63868111,1.178058545
2524577,38.6158438,-89.63868051,1.179834723
2524581,38.61584379,-89.6386799,1.182699502
2524585,38.61584378,-89.6386793,1.18556428
2524589,38.61584376,-89.63867869,1.187340458
2524593,38.61584375,-89.63867809,1.189116637
2524597,38.61584374,-89.63867748,1.190892816
2524601,38.61584373,-89.63867688,1.193442464
2524605,38.61584372,-89.63867627,1.195992112
2524609,38.61584371,-89.63867567,1.195610126
2524613,38.61584369,-89.63867507,1.19522814
,,,
,,,
